company_id,created_date
"73813c646290a71","2019-10-30"
"779be5c06f90563","2019-10-18"
"819d511f53f2ffd","2019-07-08"
"a2f1338863c2991","2019-08-09"
"2ddff3202da56e0","2019-09-23"
"3e56f8a673b423e","2019-07-26"
"23ebfcbf0ad802d","2019-07-30"
"3d7ce1bd36a5c6a","2019-11-27"
"11320e2a07d2354","2019-07-08"
"8a946d255736f83","2019-09-03"
"a21838a50ac1854","2019-10-07"
"a8ac092e9435218","2019-07-08"
"3254a0b5f9662bc","2019-10-23"
"367f242ac2240ae","2019-10-21"
"f616958709aee73","2019-11-04"
"99e0dd632480cd1","2019-09-12"
"b86082be583847d","2019-08-02"
"2bfb68f0e04cac6","2019-07-19"
"023245924409f10","2019-08-27"
"584c75b1126d5b8","2019-09-09"
"49587b16aa7cc64","2019-10-15"
"45684e9c22c5e8b","2019-10-24"
"4702f55336e3eda","2019-10-07"
"e5b368d1d7b0f46","2019-09-23"
"d411ce5ee6fac29","2019-12-13"
"f91f7a39aa58a01","2019-11-28"
"21e1cc9b291748b","2019-11-04"
"406620a47aade9c","2019-09-12"
"6c1d1be2a0ab27d","2019-07-03"
"92b22db977da5e4","2019-11-05"
"fb911292e5d80d1","2019-10-29"
"3d20424df9449fd","2019-07-30"
"096f8095b1ca7e0","2019-07-19"
"6c3bafafa34c0ef","2019-08-02"
"1c3a5aa593a379f","2019-09-26"
"7dea0ac857f1ffb","2019-10-01"
"b8276238f3580fd","2019-12-16"
"4d17d27f915a0f6","2019-10-08"
"4d17d27f915a0f6","2019-11-27"
"97c7e2b93a77a73","2019-08-23"
"23838a4ff9cfc36","2019-11-07"
"60a83769f2bc30b","2019-07-17"
"fb0894028cd0b0e","2019-09-04"
"2957f1508316f8c","2019-07-17"
"279fdf95c6b5cb6","2019-09-20"
"b6d3f2ca966c0bc","2019-08-05"
"0bf95693ad19eb4","2019-10-07"
"5363b7896f195ad","2019-09-23"
"1d8aba95f8d20d3","2019-11-06"
"1dff96f30fe34d9","2019-07-01"
"e78268e3ce3e13c","2019-07-25"
"eb152e2d8205d1c","2019-07-31"
"1c6957d38637971","2019-09-26"
"3c7b5a7784bd633","2019-10-17"
"3c7b5a7784bd633","2019-07-03"
"7dff275b9344ff5","2019-12-02"
"8830e2fe26166df","2019-12-10"
"11141c1a022110a","2019-09-25"
"a505680c81b389d","2019-07-29"
"cfd95556f5dcff7","2019-08-08"
"346be0f526becb8","2019-12-06"
"4ecbf35698698d2","2019-08-15"
"5afee0d0972342e","2019-11-21"
"5fcc8b46e7d759f","2019-07-22"
"0dc12d88c3e6d56","2019-11-05"
"322d02e710b0b1c","2019-09-26"
"3c718cb81e023d4","2019-07-29"
"f8b7ced2740541e","2019-12-16"
"82547f7454918f8","2019-07-16"
"fb7ebb2e4bb1e5b","2019-12-09"
"9d3501c4c0d5307","2019-11-18"
"c2d827575ac6cef","2019-09-26"
"7db1d0f469ca9bd","2019-10-08"
"639d6ea978a3dce","2019-11-13"
"6ece5456578faae","2019-08-21"
"d360225c1b3892c","2019-10-08"
"daa968198260c8e","2019-10-22"
"20686fdd6d52016","2019-07-19"
"382bac744cec902","2019-12-11"
"5216625920a1291","2019-10-15"
"6f537d2bd3df89f","2019-09-12"
"7493adb67ba7866","2019-08-02"
"77ff3d474819857","2019-07-22"
"d751b24de870bb5","2019-08-29"
"c2b0354afef4c70","2019-12-02"
"ce81640116aa4f4","2019-07-26"
"1046566f199f28b","2019-12-10"
"d035a1a6f5747da","2019-11-19"
"2c0201aecaa1885","2019-07-17"
"90d8742d60bb936","2019-10-09"
"16de0305f22bad1","2019-07-17"
"cafb5f4ecfe8d8c","2019-12-10"
"f07db78aa08318c","2019-07-24"
"93d2af4635d331a","2019-11-21"
"27c3d6034f919c0","2019-12-06"
"34ea17751ac3c6f","2019-11-25"
"b67066b4c482d86","2019-09-10"
"f4b5ec7368deee9","2019-12-09"
"daf0a2304b47f78","2019-10-15"
"c6b62d6633b07b8","2019-07-16"
"4c3956bc4c23dd9","2019-11-19"
"1f0b609b69cbf00","2019-11-27"
"b9dc85bc1cc3f73","2019-12-14"
"5378b990852a573","2019-10-15"
"43e1d1de85ad371","2019-09-04"
"2498c7a70245b3f","2019-09-20"
"076fd765b2a0533","2019-11-15"
"8824399ff1f843b","2019-07-08"
"9b702ae53a2fc89","2019-09-10"
"c5ddfa9026c838c","2019-12-02"
"299362c3ec7ad4a","2019-08-28"
"5ba0a1ee130fa54","2019-11-21"
"9bae3b5c7deb1b4","2019-07-09"
"e07acceff0809a0","2019-09-16"
"974db9fc6be5878","2019-11-12"
"ce7a96f35d40d80","2019-08-12"
"7029f9d0691bf2f","2019-10-24"
"d69b33108b21c00","2019-10-25"
"1185830c38cb048","2019-07-16"
"0e4608bbfb96e9d","2019-12-13"
"7ead2b79a775e39","2019-11-14"
"4ce6322e426c15c","2019-10-24"
"897a144cdfe051c","2019-08-12"
"71b374e6d26f591","2019-10-23"
"4eac6f44aba8a90","2019-08-27"
"1a589a8a3167816","2019-12-05"
"231735ccf26d3af","2019-09-17"
"7c47190764ae988","2019-07-19"
"f3c6237d60868b7","2019-11-23"
"d3cac120ce1ad62","2019-10-17"
"f4ae470fd3a92a6","2019-07-31"
"f954910bd376b30","2019-10-31"
"c378358fc934f85","2019-10-18"
"ed2dedc627dbe6b","2019-11-08"
"19d91508e0293ab","2019-12-24"
"560d6d99413def9","2019-11-11"
"abcc3da15018dc3","2019-11-01"
"be34103d574198c","2019-10-08"
"fe26598329d2b39","2019-10-21"
"fe26598329d2b39","2019-07-17"
"4043710ad827487","2019-12-04"
"63bbd978528318b","2019-10-31"
"5a95524de768b1d","2019-08-06"
"bbe9de41f84058e","2019-09-05"
"501f880a82021a6","2019-08-06"
"7b3ff2b223cfbd5","2019-12-06"
"737eb9959d5df1b","2019-09-12"
"89a57cd841a2a57","2019-07-17"
"cce5adae692495e","2019-12-04"
"1d8aba95f8d20d3","2019-09-25"
"1d8aba95f8d20d3","2019-09-27"
"aa494f20df64993","2019-11-07"
"213744d81fb9587","2019-07-11"
"40111a6fd798d61","2019-08-12"
"7f5d14cbc831296","2019-12-17"
"f3f86622ab1dc60","2019-11-20"
"526cc5282ce2ab4","2019-08-21"
"9ca5f3819547b10","2019-09-27"
"657590fe9000c6c","2019-07-09"
"200972c0c85fd89","2019-12-23"
"9b4cb4e99d46b7e","2019-09-20"
"ab7530e7864beed","2019-12-13"
"5afee0d0972342e","2019-10-21"
"5fa0d9b9e755ff8","2019-10-29"
"5fcc8b46e7d759f","2019-11-28"
"d114ceb1421ecae","2019-09-13"
"5142aa3b8329712","2019-12-16"
"8c20906ed5e9df6","2019-08-08"
"f06885e542371fc","2019-08-21"
"6947e31b6c08ac2","2019-12-19"
"c2a0fc8cbd2885c","2019-11-19"
"d9a11e277e5c1ab","2019-10-08"
"dfe60707a26c9fd","2019-10-25"
"3c9390edf349b9f","2019-07-12"
"4580db10b8e4495","2019-12-11"
"80768c0326264c3","2019-10-24"
"cd172681738607f","2019-12-13"
"f3d2a383ffe828b","2019-08-26"
"df8b439e814cb90","2019-12-12"
"32c3d51f9a13e04","2019-08-29"
"fcd407379302304","2019-10-22"
"cdb9078c6467893","2019-07-17"
"0b9822c75f64f03","2019-11-01"
"b5c41aec4870ceb","2019-09-24"
"9a3bd1e34364fd3","2019-12-04"
"f9c4f4096b97eb0","2019-12-27"
".3e2948574d4a762","2019-09-03"
"bed2a1b1f97bf26","2019-12-12"
"329ce96a012f9ea","2019-07-11"
"3c36b562f64e08c","2019-08-16"
"8c540578789defe","2019-07-30"
"2b9bd3248671f89","2019-09-30"
"f19e88d3ffc8684","2019-10-11"
"f3ea8af6c372b08","2019-08-29"
"96a9b28b70faecd","2019-11-07"
"2d53fea15885ad4","2019-08-19"
"557ee6f6b73ba15","2019-12-17"
"aafe536b28adfbf","2019-07-02"
"e84a00dc912e32d","2019-08-14"
"ec215130c0c18b6","2019-10-15"
"8e9082fe5ba7dfe","2019-12-14"
"9180f5fdf2088c5","2019-08-16"
"7e3ecc10d186b09","2019-09-20"
"5132de884a30fa2","2019-09-18"
"42b53803c886e58","2019-11-13"
"3c6e961ac61946a","2019-08-16"
"b162bf45a896c0f","2019-12-09"
"ac32a808bf9bf19","2019-10-22"
"3e56f8a673b423e","2019-12-10"
"63dde601940c658","2019-10-17"
"6c60987dc858fc7","2019-09-23"
"9be22c575311fa1","2019-12-18"
"b04f92cacee4c33","2019-10-11"
"b162df43b84a391","2019-11-18"
"8cf723362d60278","2019-07-12"
"e7fb67e72e5bf87","2019-08-07"
"1dc14f14d8cdb00","2019-11-15"
"b6bfc56dc7d2485","2019-12-10"
"92d9a47085436ce","2019-11-08"
"ee5e8fcc50e471f","2019-12-11"
"b02b18f43501f42","2019-09-16"
"b157899c001e26b","2019-09-04"
"b157899c001e26b","2019-08-15"
"ba608bed5c645af","2019-10-24"
"3a66cf5f146dbd7","2019-11-05"
"7ab2d7a216c17f8","2019-07-01"
"ed95a2b76c3f8b2","2019-12-17"
"c9df9a2cecbbefe","2019-08-06"
"c6bc03365130d1e","2019-12-09"
"750b012ef43741d","2019-07-11"
"7d9a17b264fd767","2019-09-30"
"fefe0bfaf8067ac","2019-09-03"
"1081558998bdf5b","2019-11-12"
"19d91508e0293ab","2019-09-18"
"5d4cfa0ecb376bd","2019-09-30"
"02025e5a7899ebf","2019-09-12"
"c86cc8bc5252108","2019-12-12"
"c9dbe10bf86f9bd","2019-07-25"
"ed6e86f7ded5a6c","2019-10-09"
"765af1db5d49884","2019-10-18"
"782d2b868b48605","2019-09-26"
"281a2076788e628","2019-09-10"
"53c1f7442348ea9","2019-07-03"
"e7f3d410f8fc9b8","2019-11-27"
"1c3a5aa593a379f","2019-08-01"
"670298055813ff2","2019-08-12"
"b7dbb667073bbfd","2019-11-13"
"f9e80d0e92833b4","2019-09-13"
"3b6bbd9443c9636","2019-10-23"
"09a0e89d2e3c107","2019-10-18"
"69a3a363a4eb884","2019-11-04"
"92bcdb7671b5d84","2019-12-11"
"9715ecbadadfc60","2019-09-13"
"9e1e87a15ce8a9f","2019-08-01"
"c80c8dc051b1702","2019-08-07"
"cce5adae692495e","2019-10-08"
"f106bb007570db3","2019-08-15"
"37390c2bcafad2c","2019-12-28"
"4f2776f5d348e79","2019-08-12"
"98d8dc8e4e6e197","2019-07-11"
"e557ab65e628d1b","2019-07-26"
"ebc9334e2be3cf1","2019-12-30"
"6e9a8005cbef360","2019-08-09"
"5e2abd87f7793e7","2019-08-14"
"7a303274e795c00","2019-11-26"
"05cadb275f334cf","2019-09-20"
"adecfba41cc19ba","2019-07-08"
"6789a9a691684fa","2019-10-23"
"f56c5bbd2449451","2019-10-02"
"1d839c9f98eb256","2019-12-31"
"1eb764a309e533b","2019-12-17"
"da96bee6688c0dc","2019-10-30"
"8f925cbb232b1cb","2019-11-14"
"c5ff46f9bdb09c3","2019-09-23"
"c4b1b64ad475e69","2019-07-26"
"5bb9cf990d0bb27","2019-11-15"
"03ab161b55472fe","2019-08-30"
"5142aa3b8329712","2019-10-28"
"82895c34e79a277","2019-07-22"
"f9e094a41e6b4d4","2019-12-18"
"10926ecbbf020c0","2019-10-30"
"1c25b3c5930bad8","2019-10-11"
"b30b0bb09ed0df8","2019-11-25"
"69910499d0f732c","2019-11-15"
"970d93dcf9535b1","2019-09-19"
"366e661833fd5c8","2019-12-18"
"b8c59fe4eec3677","2019-08-14"
"cddc6131e28104d","2019-11-07"
"315d36c73da70be","2019-08-20"
"a32994ade300f85","2019-12-27"
"b2592a9ce5200d8","2019-09-11"
"44a64a70ec691d0","2019-09-05"
"96cc614a2b1ed45","2019-07-04"
"7d5c275ff05919f","2019-11-13"
"44d4652adfb614e","2019-11-13"
"952407a6a405e47","2019-08-19"
"960803ec7a3d403","2019-10-22"
"26e7f6f9ee57e2c","2019-09-18"
"0594a4dd457488d","2019-09-23"
"e84d97172547b69","2019-12-03"
"55c4d8032f0fa19","2019-07-25"
"e057bb8e2bf0af6","2019-10-22"
"f9394501ca87621","2019-08-28"
"e7eab9600c35a4b","2019-07-24"
"f5b00c387fc03ed","2019-08-26"
"82e583d3d63a54d","2019-08-19"
"54ec741eb38d31e","2019-10-16"
"866e5e55c95b0df","2019-08-01"
"9b0a1c92537e6a3","2019-12-19"
"78f87de71400aa9","2019-11-07"
"957346a2c0ed845","2019-09-30"
"bb8503afaae3a0f","2019-11-04"
"e109a014c4d9111","2019-12-23"
"ededb2f61603378","2019-09-18"
"09e01f43790ce4b","2019-10-15"
"b7359f0899cf2d2","2019-08-09"
"5ba0a1ee130fa54","2019-11-13"
"1437a7a40e93409","2019-12-31"
"7331a543e968343","2019-09-18"
"7d8020b18c5c802","2019-08-27"
"7f016196e1c34ba","2019-11-26"
"8291969d3b9e66d","2019-09-16"
"9a3182572c850a0","2019-08-01"
"ff6d353ba93450c","2019-08-12"
"ffcb5fda3e29c2e","2019-08-26"
"a83ed9290add193","2019-10-25"
"449b1f3c2af9d91","2019-07-04"
"8a946d255736f83","2019-11-12"
"6bb9f0b23bdfc98","2019-10-03"
"3b53952fb4ff5ea","2019-10-21"
"4ca1ba9beb5aa2c","2019-08-14"
"67d83dc8944a9d0","2019-10-31"
"8bcf632d8e1a6fd","2019-10-08"
"1190049b148c97d","2019-10-10"
"163857b87ee6335","2019-09-12"
"55c5f82a9eb8a5f","2019-09-20"
"45a87c349604ddd","2019-12-09"
"02e3b4e0de234a6","2019-11-19"
"ecb42018fe19db6","2019-10-21"
"088a09d09a89699","2019-07-23"
"a36935c32197c17","2019-10-07"
"c9809a19cf54e66","2019-09-18"
"17a8713bdd4713d","2019-08-12"
"19ca3db82391097","2019-11-16"
"b6808d1c2a0d05b","2019-08-29"
"c513d9315a593d8","2019-07-08"
"edcf9574c5f1de8","2019-11-14"
"37e42650307ef29","2019-10-18"
"e2f639d9455309b","2019-09-12"
"44ddd4e77d0ccf1","2019-11-19"
"b4931963602c0fd","2019-09-04"
"19df186a3c2f40e","2019-08-13"
"9b8855854b6440a","2019-12-31"
"8a1e4a18ce5540c","2019-09-18"
"2c010e514caa861","2019-09-17"
"52e3d52a3f6cd0f","2019-08-22"
"946d47f8b36ae38","2019-10-15"
"1d8aba95f8d20d3","2019-11-20"
"df6fdbc76b2951d","2019-08-06"
"67106cf450de289","2019-08-12"
"dd1ee77969ac722","2019-12-23"
"d3d575e38cc0c87","2019-08-29"
"116160647662954","2019-12-23"
"005eb905072c19c","2019-07-30"
"2d0b7f45bd72c12","2019-07-26"
"9cc271d98f4f9a1","2019-11-06"
"a8557f6cdb8f808","2019-09-20"
"6470e890afc9c8c","2019-09-26"
"965f3287f636d81","2019-08-01"
"a267478aabfd4d5","2019-11-01"
"bbd4b01c24d8691","2019-08-12"
"0676e402c6def88","2019-10-09"
"0fb4f380864f559","2019-07-16"
"acb81cfe684c8e7","2019-12-05"
"f804bff80794bea","2019-12-19"
"e4c8096b3e7351a","2019-08-23"
"cd1d9c612d6fdf1","2019-07-23"
"960fdabe6582cb0","2019-07-15"
"c530cf31f76059d","2019-07-15"
"844115576e76964","2019-09-04"
"a5fcc3ba20c3c1f","2019-08-01"
"35a41434b9c1acf","2019-10-08"
"426ec78b6083823","2019-12-06"
"5142aa3b8329712","2019-09-23"
"fbec50665b039d5","2019-08-14"
"7f83371385ad932","2019-08-20"
"0f64459867200a3","2019-09-28"
"4e55d06914ec017","2019-08-01"
"9090af49bac2afb","2019-09-30"
"ff2ca37d0d68d03","2019-12-31"
"c69ce37a81a5764","2019-08-21"
"20686fdd6d52016","2019-12-17"
"20686fdd6d52016","2019-12-20"
"5fb7045e65433d4","2019-11-08"
"5cb1d84e901d336","2019-12-19"
"c4bf62e2198140d","2019-11-19"
"a961d77040f2294","2019-11-25"
"33a2800ab3b224c","2019-11-11"
"bcb7b8feac6e4e7","2019-07-10"
"e613b4360888713","2019-09-25"
"a67c0f54df38a43","2019-11-26"
"c685a3ec6fbcd2b","2019-10-16"
"5851255f77847f2","2019-08-30"
"04c7d15834c0fad","2019-09-20"
"ebebb977109bec2","2019-10-28"
"feb58ba50ce36c9","2019-08-29"
"57586ba25c4afd4","2019-10-31"
"2b03d3b814f6d79","2019-09-03"
"46e581a09142af0","2019-08-05"
"81351cba10cf977","2019-07-23"
"d7332318c24aae6","2019-11-21"
"c6b62d6633b07b8","2019-07-30"
"4e2ca4f062ba57d","2019-07-26"
"a2a76ed7e19fc53","2019-07-24"
"c94c838294f7035","2019-11-11"
"ce5c4e27e55a9d9","2019-09-12"
"765d93c570216b5","2019-07-26"
"470936173ec7a63","2019-07-30"
"12d866223406696","2019-07-18"
"1efa405e3330f0b","2019-07-24"
"3efdc110d4e2ba9","2019-12-30"
"b1852d6f3acd3de","2019-10-21"
"88ded6c32d599ce","2019-12-16"
"ad8113aa3e4c1c5","2019-09-19"
"2b8828f92917ee8","2019-12-20"
"3b24e0151c38746","2019-09-30"
"3b24e0151c38746","2019-09-13"
"5a8ca405bc9045c","2019-08-13"
"6df168bc6c7cad1","2019-07-12"
"047d831ce7853b5","2019-08-07"
"abcc3da15018dc3","2019-12-03"
"b5d9e76e9aaaf72","2019-09-18"
"baadd7a227ea97d","2019-07-24"
"881c645641d37d6","2019-12-09"
"8d6c1693920fd4c","2019-09-30"
"6ede53dc9700fa0","2019-11-09"
"3c8dec2a97a3730","2019-08-28"
"5361c877d407d62","2019-10-29"
"e32e11a795a2a9c","2019-10-29"
"74944bdf3ad8352","2019-09-25"
"8bbf2020336b947","2019-11-05"
"889d62adf3bf256","2019-08-23"
"afa56dfb7fbffa3","2019-08-21"
"0fd6b15e12221a9","2019-07-10"
"dbf9f28f3d0d4bd","2019-08-21"
"b1a2e84c28d7593","2019-10-22"
"81bf02b03dd0ee6","2019-09-02"
"957a2df89f91b9c","2019-10-31"
"99113a704e01c5c","2019-08-20"
"f4f5cfcc28337fa","2019-11-28"
"c8f1d98c5d29323","2019-09-18"
"1c6957d38637971","2019-07-10"
"3c7b5a7784bd633","2019-10-02"
"a117e966d781665","2019-09-02"
"dd75083f16de8bc","2019-12-10"
"24abd64d9e67f32","2019-11-05"
"98d4520d25ad7fd","2019-07-16"
"3fd2affb531c403","2019-09-09"
"0abe66ece04fd9d","2019-12-09"
"838482780febb23","2019-12-17"
"857473e2adbdc69","2019-09-02"
"d9175731c5e7b58","2019-07-09"
"0fb4f380864f559","2019-10-10"
"31da8f78378b97a","2019-09-06"
"34a011d14f9eb15","2019-08-08"
"5bb9cf990d0bb27","2019-07-17"
"6abd3dbddde6c5c","2019-07-15"
"3c3e059d1ee4911","2019-08-27"
"4766776b1806afe","2019-08-22"
"5142aa3b8329712","2019-12-17"
"5b52465061f6386","2019-07-08"
"6ed026e1f9518bc","2019-10-07"
"c383f315c9fc12c","2019-08-20"
"f2dc66f2e0b59d3","2019-10-17"
"c83591510ba14b3","2019-07-22"
"e2f8655832e1c01","2019-11-25"
".291740fb9d7fd93","2019-08-08"
"8cf46e8081d4481","2019-09-19"
"39ad5a597838fda","2019-11-25"
"5e8d067d3a77bba","2019-09-16"
"4d92f045a10b363","2019-10-15"
"5beeb7addea35da","2019-07-19"
"2f0fce77d5478e5","2019-09-05"
"3cff153a69684fa","2019-10-07"
"4cb298a66a822e3","2019-07-23"
"bdd4c63686ca483","2019-07-25"
"f4345cbe742bdc5","2019-09-26"
"dd8b926f75d9202","2019-09-18"
"4b10c8eb0822de6","2019-11-04"
"3584c63654edcbb","2019-09-16"
"38c1520645b25ad","2019-10-03"
"968d8ef5824e21e","2019-08-16"
"06135faed9d1dbc","2019-07-11"
"afe59c093546670","2019-07-24"
"12c3e761194ccaa","2019-09-17"
"a4cfa7b903a8cee","2019-10-02"
"4875e6447433e2e","2019-07-23"
"706fd27fe27ac1f","2019-12-20"
"44a4473ec5aebb8","2019-07-03"
"1fb0689fda4cf7c","2019-10-29"
"67bd1e83e59788e","2019-08-29"
"4f2e972bdde107b","2019-09-24"
"28f969ed0bf45ae","2019-09-10"
"1189d0ebd6a6a2e","2019-11-07"
"15e7ecbd522a96b","2019-08-29"
"977c134b50e6e6f","2019-12-23"
"999ca2c6358401b","2019-11-25"
"bd1d7b5acb5f2fe","2019-12-18"
"df54071845fb495","2019-11-14"
"eb54223fe737b47","2019-08-16"
"0c6d707f9b60ed0","2019-11-18"
"364b9df7537be5f","2019-08-29"
"788a7eb0f2527b7","2019-09-16"
"6f12757eb9ec57b","2019-08-21"
"93c8a694f6c0d39","2019-08-13"
"8d031bf0624987b","2019-09-06"
"563bb8e8ba54367","2019-08-02"
"89704ec3945faed","2019-10-25"
"ee742b8287a5210","2019-07-01"
"009d69985f395a6","2019-10-31"
"e613cd71575e6e6","2019-07-12"
"21e1cc9b291748b","2019-11-12"
"088a09d09a89699","2019-09-03"
"406620a47aade9c","2019-09-09"
"ec7a4eece003506","2019-07-08"
"a3b87ec3c429284","2019-11-01"
"c1913c4a9f483a2","2019-10-23"
"c513d9315a593d8","2019-08-22"
"d502f4f5eafdad4","2019-08-14"
"28655c5a1ed9815","2019-10-15"
"3bb327a4b45ca7b","2019-11-15"
"d953b0cca81a0f0","2019-10-15"
"d2ee1a73b48251d","2019-09-25"
"f9d9a4c6265fdab","2019-07-30"
"3c4d71ed9b84edf","2019-07-19"
"b27818ec30e2328","2019-12-16"
"0ddc22c4aad87ff","2019-11-26"
"78a1be062926c24","2019-08-06"
"f79946e3c6f885b","2019-08-19"
"4a91354ec5ba912","2019-09-06"
"a2b03c77830b418","2019-10-21"
"71f6c5ab1a0804e","2019-08-28"
"10d2e2da7fb39aa","2019-09-09"
"b00dbd9bfd46b19","2019-11-13"
"99dce54c1fbd461","2019-07-11"
"c033f75538f9930","2019-09-03"
"1d8aba95f8d20d3","2019-09-23"
"a7be46bb615d10b","2019-09-27"
"ed32435114625b6","2019-07-02"
"2952a3d5a77502b","2019-11-26"
"814ff754918c09e","2019-08-07"
"ff19e908ece5dca","2019-07-19"
"05ad041aaa3e509","2019-09-03"
"db36f3547136d91","2019-08-12"
"0e13a934672784f","2019-09-03"
"b03475aa75c70d0","2019-12-13"
"87a2889d4dab103","2019-07-24"
"1d96fc9e50eb1fb","2019-08-21"
"288e23099e7913d","2019-07-01"
"2b61c98ee95e8fd","2019-09-12"
"f5039511ecce0dc","2019-08-28"
"4b6bb4a770ee1c7","2019-10-11"
"cb1223b84194442","2019-10-16"
"e9a066a75898b51","2019-10-17"
"31f493ece63a295","2019-08-21"
"979998639962e79","2019-11-28"
"d035a1a6f5747da","2019-12-12"
"bb8ec63bfcdac73","2019-09-11"
"02323544840a539","2019-08-13"
"0eb366d5e7d442b","2019-11-11"
"43c70cad25f7163","2019-08-02"
"0594a4dd457488d","2019-10-10"
"0899cc027c8afd0","2019-09-20"
"19912852239db44","2019-07-02"
"a4c4cf6050d8bc0","2019-07-24"
"8d818a469db247b","2019-10-07"
"9ca90979202501c","2019-12-12"
"9d25e9d93739049","2019-10-02"
"d92cfeba1499df8","2019-09-20"
"0a45b7b900a96e2","2019-07-25"
"866f462c313ab53","2019-07-15"
"a6115ff33297932","2019-08-02"
"43bd513049615fe","2019-12-19"
"67d5a017d75591c","2019-12-20"
"2498c7a70245b3f","2019-08-29"
"128a07111257e95","2019-12-06"
"e7830545a646c8c","2019-09-13"
"fd1b087be9b9cf4","2019-07-24"
"557592840dd7974","2019-10-02"
"2a7534305fa6c9e","2019-08-12"
"16d872d0c0f77df","2019-10-01"
"dfa5de86f0c7d32","2019-10-28"
"9f88676a404c7df","2019-07-15"
"18784490fa504e5","2019-12-11"
"32b9e8144239003","2019-07-17"
"48ce9dbc2401569","2019-09-11"
"519f302db801112","2019-07-26"
"8168f7450044334","2019-07-09"
"6b2a6b4ff7cc678","2019-08-09"
"bfe0cfd6687c509","2019-07-17"
"3075fdcd6d52a17","2019-12-06"
"31625ce9443622a","2019-08-16"
"8e7ddd118e7320b","2019-12-26"
"93c8a694f6c0d39","2019-08-09"
"1a42a6aea0845f7","2019-12-04"
"903eb4c20289b59","2019-07-17"
"ef1795e40329047","2019-07-15"
"f18ad732a026467","2019-09-12"
"f91f7a39aa58a01","2019-09-25"
"e020634fa4f0a76","2019-11-25"
"f3857baa36247f4","2019-09-09"
"575056a28bfe807","2019-09-17"
"5d4cfa0ecb376bd","2019-10-08"
"aff2f237cceca4b","2019-08-12"
"bac8f931a77341e","2019-10-17"
"ebdd34bfa981d55","2019-07-22"
"6f10f1c8ca89ed9","2019-07-25"
"8d6c1693920fd4c","2019-09-27"
"5a686ed65af22dc","2019-10-11"
"6d0b63be51a7969","2019-08-01"
"d17b4ae4cb025c5","2019-11-15"
"d651f0b1f3fc45d","2019-11-25"
"afa8fe7593d20b5","2019-08-29"
"afa8fe7593d20b5","2019-12-12"
"3f2c18adac77a80","2019-11-20"
"4c3ba913347844c","2019-10-10"
"b27818ec30e2328","2019-10-23"
"ee4b7e48aac1680","2019-07-09"
"788561f1d9a9af6","2019-07-04"
"d783f5879d48694","2019-07-09"
"47a06d4620c25f1","2019-11-21"
"d72edcc0aa9705a","2019-11-19"
"cb314dd771b665c","2019-12-03"
"158367b3d6d2a82","2019-12-16"
"c092e70743f623c","2019-07-17"
"55ec7b1368f1988","2019-07-16"
"b69ef366cbf3fd4","2019-10-17"
"b6d3f2ca966c0bc","2019-12-02"
"a8211e7f26f8a28","2019-09-20"
"35785331fa5ac4f","2019-08-14"
"5b272c0f376264f","2019-09-09"
"e78268e3ce3e13c","2019-09-28"
"fe5bec0a55fd4c5","2019-09-24"
"18b50132f58c147","2019-12-12"
"052b0196e386a57","2019-07-02"
"cad601479b4cc5c","2019-11-26"
"da46fa2daf5c10c","2019-08-02"
"bbd4b01c24d8691","2019-11-07"
"d4e7e8968e3e3f4","2019-09-19"
"f2e5196ff909fc5","2019-08-30"
"4025c53a124cdc9","2019-12-23"
"f31b02a4f897c2f","2019-09-17"
"b81290c009e1742","2019-11-05"
"c530cf31f76059d","2019-09-05"
"34d2aa77c5dc1c6","2019-08-20"
"3cfa83040a86e80","2019-08-14"
"4b6b3bfe418ec1d","2019-12-20"
"2f836e7a1780af8","2019-07-18"
"7066ddc0cde1c2a","2019-09-16"
"85d3866e651cd38","2019-11-16"
"955b4e5272d543b","2019-09-18"
"f619fe3e235fda0","2019-11-04"
"b03475aa75c70d0","2019-09-23"
"f469e375bdb0ad5","2019-12-20"
"3077410d27eac25","2019-11-12"
"1799facd9faf756","2019-10-16"
"6159d4cc721edec","2019-08-07"
"f92e5790144ceb9","2019-09-16"
"fddb95ff5e727f3","2019-10-16"
"d451d59b3d8046d","2019-09-27"
"ed3bd37645704d9","2019-09-23"
"1ecd896ee2d0317","2019-08-23"
"620a52e2a0a70a6","2019-09-17"
"294b9ae2be5ba37","2019-08-05"
"627bca2fd386027","2019-10-02"
"90d8742d60bb936","2019-11-18"
"99f6026b35b99b6","2019-11-12"
"58f1bdd1ee29552","2019-08-14"
"ffa46abab15ab43","2019-09-05"
"3f1d0c5d9fb5a46","2019-11-13"
"5e2b7e27a3231ee","2019-09-13"
"04c7d15834c0fad","2019-10-10"
"41e325e7b2e789a","2019-12-03"
"51ca6d5118d2a44","2019-10-17"
"a6e54b1400474b6","2019-12-05"
"6473793afdfa821","2019-11-12"
"7111ef9ad69dafb","2019-12-30"
"21af3e191978c5f","2019-12-02"
"819093c136858e8","2019-11-16"
"fefa1afc32508bf","2019-12-17"
"810480aa4cc3b14","2019-10-15"
"bdaaa98d42c9b59","2019-08-02"
"2748db8a4246e7b","2019-11-25"
"a01553623b6a380","2019-09-27"
"9dbddaea2b2c96f","2019-07-03"
"ae8fff7c340197b","2019-07-02"
"c395d6779295c42","2019-10-16"
"fd82ab5d22b13f8","2019-09-18"
"3e56f8a673b423e","2019-09-16"
"0dfdfcc0cbda4ed","2019-11-19"
"9f042977f8e67c6","2019-10-04"
"d0e168a4bc31529","2019-08-19"
"e2ee590fb3fe3a5","2019-11-22"
"061fa502c802bdd","2019-08-29"
"51dc81f33bde1bd","2019-10-17"
"5bb05a2cc99c874","2019-12-10"
"83e4305a5868dd5","2019-10-29"
"8e7ddd118e7320b","2019-11-12"
"6b1c0b9dd5ccc34","2019-12-16"
"0e6493dd4d3e01e","2019-08-27"
"ef4a9ca8f364560","2019-08-19"
"128f32b81189ccb","2019-11-27"
"088a09d09a89699","2019-08-19"
"91967e90e5c30b1","2019-08-02"
"a09e591c5cd65cd","2019-10-23"
"a439356c2432f9a","2019-08-09"
"5b4f7a3c0a3a3b8","2019-12-16"
"71f44276ad790e0","2019-10-22"
"8d8443529551331","2019-09-06"
"1864749d7bbe587","2019-10-16"
"bd5416c19eade38","2019-12-14"
"db6549326f6c5f6","2019-08-22"
"f0009b1e84db67a","2019-09-16"
"bac8f931a77341e","2019-07-15"
"26d760f6a4109d9","2019-10-21"
"ee7b6c036b63677","2019-08-15"
"f7405285b96fc41","2019-11-05"
"f49373c0832cb68","2019-10-17"
"60cea0fc370b7e2","2019-09-03"
"cd0351aafcf291c","2019-10-11"
"424f041b5d8afaa","2019-07-15"
"4ef0e9f14bdf4cb","2019-08-23"
"bcbf263216feb1b","2019-07-01"
"72fd042eabb336e","2019-07-03"
"cfded7edf8aa9d9","2019-12-16"
"e1928f2d490cbbc","2019-11-08"
"f16450b8f091aef","2019-08-28"
"bd781d723b1f565","2019-10-10"
"b716a273c4dd7ff","2019-11-18"
"c252051e103657c","2019-10-23"
"00e2daf8ea367f4","2019-09-03"
"3eb1c49ea271309","2019-11-05"
"6b9fea8c45ae287","2019-10-08"
"45f38c87e0e5499","2019-10-03"
"957a2df89f91b9c","2019-09-13"
"824b6c8d2984210","2019-07-24"
"c4ac8a6a7c387de","2019-07-09"
"0a29953168bf1c6","2019-07-11"
"1d8aba95f8d20d3","2019-10-23"
"e84cbb6e81d2a03","2019-12-10"
"f263ffd16e3c02c","2019-09-19"
"05cadb275f334cf","2019-08-21"
"ace6f66849c43b2","2019-07-22"
"b925e1a3cf57d06","2019-12-16"
"26c02c50c57a588","2019-12-17"
"ae92826ad05044c","2019-07-19"
"5569b405434885e","2019-08-19"
"d49251dad64180b","2019-10-29"
"583b926e3c0199d","2019-10-15"
"e2ef3b9f98f057d","2019-09-30"
"8f9a74002602801","2019-09-03"
"acf7b5391e68aab","2019-09-06"
"e519c718093cbca.4edadb535a23fdb","2019-11-13"
"71da36b2468700a","2019-12-31"
"bb4569a662f2d0e","2019-07-24"
"f9784d404ddbc14","2019-12-20"
"ddb93e622036faf","2019-12-04"
"ce5f2f5d0579ab9","2019-10-30"
"6443ca3b8e027f0","2019-10-28"
"20c1ec47c9730fd","2019-10-11"
"3165b963061de51","2019-12-20"
"3619952e6aadbeb","2019-09-13"
"566180db0082c44","2019-10-10"
"014c0dacae814ff","2019-10-10"
"72275b328462a93","2019-09-09"
"9230820de8e3a94","2019-12-17"
"9cc3b1c76bef03d","2019-12-19"
"4ef23e6362ed208","2019-12-17"
"fa77cee255b6b07","2019-12-13"
"db0f5e4a5ec6005","2019-10-09"
"d24a07b7fe5d602","2019-08-22"
"df8b439e814cb90","2019-11-25"
"4cd2960ec09da5e","2019-07-17"
"526e7a76b9dddf8","2019-10-01"
"bb3b4c81c4b850b","2019-08-12"
"d17c7879b3ecd4d","2019-12-04"
"e8976192a28fb6a","2019-08-05"
"bacbf46137e67f1","2019-08-22"
"bd51d444f5366f6","2019-07-09"
"60f39b732ef2e16","2019-09-27"
"3925d0de902b984","2019-08-02"
"53dd183f7ee7a38","2019-10-17"
"2d5a0bbbc7aa431","2019-09-16"
"76b6386dfb4d570","2019-07-15"
"00fd37fa30f1df5","2019-09-09"
"50da1e201c91953","2019-07-29"
"2ba3d883f7a60df","2019-10-02"
"904eac73d6436f0","2019-10-24"
"d5139f62f47687c","2019-08-13"
"866e5e55c95b0df","2019-12-13"
"09406f5b414912c","2019-08-08"
"1463b44bf9b80b9","2019-07-24"
"1b31232db71c31e","2019-07-15"
"eacf1fa8870fde5.4cb594d4d8e5605","2019-11-22"
"88994e0730c282e","2019-10-17"
"60cb5dd57ebd732","2019-10-08"
"82e33ce88aab9fd","2019-09-25"
"9daf3ff4aa59249","2019-11-20"
"c1ecf74a93ab003","2019-07-31"
"601d752d9dc91d6","2019-07-04"
"03ca7b44bc5a7c2","2019-11-11"
"a09de92cfe635a8","2019-08-20"
"c894a6734455bcc","2019-09-25"
"b8f52b8a61c339b","2019-08-09"
"adf850810914abb","2019-08-14"
"095aa06aee135eb","2019-12-17"
"61647b80bf79829","2019-10-11"
"90d7db44e4e468c","2019-09-30"
"6e699c52002a80a","2019-07-19"
"8e7ddd118e7320b","2019-12-20"
"93c8a694f6c0d39","2019-11-20"
"18374f487a3c121","2019-09-18"
"f3c6237d60868b7","2019-09-23"
"e8fb41779383f2b","2019-08-19"
"1bce867e2e8c5d3","2019-08-19"
"e575bd2d1a88190","2019-12-24"
"3201db1af9fcf98","2019-10-08"
"5d4cfa0ecb376bd","2019-10-30"
"2923a68696d1746","2019-08-27"
"4c199eed2b367f4","2019-07-23"
"7a37646fcd191cc","2019-10-16"
"ea65a6e65453a4c","2019-07-01"
"1c3a5aa593a379f","2019-10-17"
"1c3a5aa593a379f","2019-08-07"
"1c3a5aa593a379f","2019-10-02"
"161a2e6db4cac70","2019-09-13"
"21d307001d16b12","2019-10-23"
"643208a621ba833","2019-09-24"
"653d4d05714887b","2019-10-18"
"052889866b4d3d9","2019-12-09"
"98086c5ee857661","2019-12-11"
"b2a52a6424d109a","2019-10-07"
"2df6d411e5feff0","2019-11-27"
"7737455bc6678ec","2019-07-08"
"8990770e9f5f803","2019-09-06"
"ed0d23a7b5e21b5","2019-10-24"
"1eb33bb2a3ed040","2019-09-05"
"8791a2c2a801d41","2019-10-29"
"8f1551f9769b308","2019-07-10"
"b1b00895b6544d1","2019-10-09"
"064e3dc129fad5e","2019-08-01"
"1d54ffea6e20da4","2019-10-31"
"b96bdd89d1e3331","2019-07-04"
"127e49b01bcf3d7","2019-08-06"
"6aa8667ae9b5113","2019-08-09"
"44b63583770e917","2019-08-06"
"a785c6f689f24e1","2019-10-18"
"7bc8e872d8999ff","2019-07-30"
"4d678ccc027ee82","2019-09-03"
"60907b229edc000","2019-08-19"
"3a2698daa24fa80","2019-12-07"
"d035a1a6f5747da","2019-09-11"
"eb27bd60a25416a","2019-09-03"
"15246cc11787ac1","2019-09-24"
"60a44ec3ed302bb","2019-10-18"
"47557f4f8d46a87","2019-10-17"
"be297b9275bda03","2019-10-15"
"5e2b7e27a3231ee","2019-08-19"
"ad8852b4b6195b4","2019-10-16"
"b8fada3a44413cb","2019-10-21"
"6aa0cd888a8e013","2019-09-24"
"3c6ed2a4bb78025","2019-11-14"
"4b050bbcc4236a5","2019-07-22"
"6a6fa8a98083bf4","2019-11-07"
"472a106ec30131a","2019-08-05"
"4ddbe7fe40b9c34","2019-10-07"
"23b4da45d3c77a8","2019-09-04"
"335ced3e0bfb4c6","2019-11-07"
"43bd513049615fe","2019-07-18"
"a32a23ad7efc439","2019-07-08"
"24a25ef82069f2d","2019-08-16"
"c56f3b3d4442be8","2019-07-01"
"0b28a79423b6588","2019-07-18"
"13fcb4ae27aebd7","2019-11-25"
"38dcb810ee3e6a6","2019-12-31"
"db62be14f6a8f38","2019-09-26"
"e9411237eb269bd","2019-11-04"
"f95e44263922d6c","2019-07-29"
"e75b3fd1ce86c7a","2019-10-30"
"30b42a54aa54fa3","2019-09-09"
"4f2215ec1640782","2019-10-16"
"09052f6153f8e28","2019-10-02"
"1d6363f8b25dc31","2019-11-28"
"67ef08ed66e3dce","2019-11-06"
"69ab6996817b304","2019-12-13"
"eb1b57fd275961b","2019-09-28"
"eb1b57fd275961b","2019-09-23"
"e806553a1caeedd","2019-12-03"
"12402d12bb1e894","2019-12-11"
".b6fb06db438dc04","2019-07-18"
"453eea2bfb3c163","2019-11-23"
"47b524c263d3039","2019-08-13"
"b55a1d4e616b493","2019-09-03"
"2a52669ec9df89e","2019-07-08"
"357b649f70201f8","2019-11-25"
"3eb8e8b03b20f55","2019-12-02"
"7ffb1e13b5d02d7","2019-11-27"
"8a31ffcad3307f1","2019-08-16"
"8d818448ede454c","2019-08-02"
"9884dffdb55ca8d","2019-07-29"
"b5fa240992b4106","2019-10-07"
"551f1610c5211d1","2019-08-06"
"af9ef6f36775878","2019-09-19"
"6bda91de366eac1","2019-08-19"
"93c8a694f6c0d39","2019-07-29"
"266c2aa76be71dd","2019-11-01"
"2c85bebaac6dde6","2019-12-13"
"27d86e791091e35","2019-07-26"
"dc26ca211721879","2019-08-16"
"128f32b81189ccb","2019-09-20"
"123eede3409428d","2019-08-26"
"c4198f452122271","2019-07-09"
"5080156e9de8da2","2019-09-17"
"7e69bc9bf079f2d","2019-11-08"
"f2e1c65ef75f95d","2019-10-16"
"dc98a74b1617bef","2019-11-08"
"eafab7a8aba73da","2019-09-04"
"a3b87ec3c429284","2019-07-08"
"c1913c4a9f483a2","2019-11-13"
"cc3f88b72810fb8","2019-12-03"
"bc20139612c6c66","2019-12-03"
"5609350f6d15c78","2019-08-26"
"72bca95a69a20e5","2019-08-23"
"69dab250e9fe9f5","2019-08-19"
"c891803cedadb18","2019-09-30"
"cc67f427d600c1f","2019-07-16"
"79a8cb5ce7c7486","2019-08-09"
"227bd42fb99b4ae","2019-09-09"
"3ff44c862a24e47","2019-12-03"
"2481d7d8f1dd0e8","2019-09-11"
"d9f515dfa4d080a","2019-09-26"
"10f7eb833b5fd47","2019-08-07"
"643208a621ba833","2019-11-01"
"6c4a5eb0f74eea6","2019-09-03"
"7b245f411459bdd","2019-09-17"
"942ad564df1c0e5","2019-07-10"
"ad61df6d4db4cdd","2019-11-08"
"8fe0253a57adb89","2019-09-02"
"867ce624989c2e3","2019-07-03"
"a81558494adc85d","2019-08-06"
"66749bd3b89e9c0","2019-07-19"
"1d8aba95f8d20d3","2019-12-10"
"3f74086c8e93948","2019-10-18"
"9114b599232ec83","2019-12-03"
"e6f6269c6d6ab3c","2019-08-23"
"efaa105962d8442","2019-07-03"
"163ea9b92603810","2019-07-10"
"6b40c8091c3397e","2019-08-05"
"83ba8730981d7a0","2019-10-30"
"8a267b0ff6df25a","2019-11-11"
"913ac8904de7310","2019-07-25"
"9861ec47e6fca9b","2019-08-15"
"7912424eee14b27","2019-07-02"
"012d03638b9928c","2019-08-05"
"e57f493c5202fd7","2019-08-01"
"23ad38e2b1b8007","2019-12-26"
"654d10d49195cc7","2019-07-25"
"f9402e57dea3885","2019-10-23"
"e145125ce3241b1","2019-10-01"
"80ff2b86156c26e","2019-08-05"
"586b130f204d418","2019-08-13"
"64a10d64ea9ddeb","2019-10-11"
"2da730d0e1a0e8c","2019-10-16"
"f280a592d3f7f31","2019-08-26"
"d00b3c3d8ae17c8","2019-12-04"
"da03f61a3b85ddd","2019-08-26"
"171766040ed441c","2019-12-31"
"41715646b68dde2","2019-08-05"
"56694caf13a9f56","2019-08-14"
"1845dc2be627056","2019-11-18"
"cb9c8387e8cd119","2019-12-18"
"e04616d1477005a","2019-11-04"
"e2d663182b1c02a","2019-09-20"
"34f3cf390be989f","2019-11-18"
"39925531f5588dc","2019-11-06"
"4a943bf15ea7099","2019-11-28"
"cb96f784c8397b2","2019-08-12"
"f14b0638bf72b04","2019-11-21"
"eb9e6ce2382bc75","2019-08-02"
"577f88e67fe9466","2019-10-08"
"57b479daf33739b","2019-08-12"
"75327bc562a73bc","2019-07-24"
"3f1746cce0e300e","2019-12-11"
"557404b9a0e2901","2019-12-05"
"f2626adeab4ca4a","2019-09-30"
"5da3ce8c59ea6e4","2019-08-22"
"d66ee27dd3caefb","2019-10-10"
"d0ee6669313cf60","2019-10-24"
"904eac73d6436f0","2019-09-14"
"2930db90ca851a6","2019-08-15"
"419df8f20c435d9","2019-09-06"
"7bc62773a1de10b","2019-08-09"
"5ed70583f621c21","2019-11-06"
"5838dd2c8110ec4","2019-07-17"
"8d818448ede454c","2019-08-03"
"b16b70ae0a49a0f","2019-08-15"
".efe2988696aa272","2019-11-04"
"1dc14f14d8cdb00","2019-11-23"
"79383e84ac700ac","2019-09-11"
"e9349dd5434f352","2019-10-24"
"ead71028f8cb1bd","2019-09-26"
"28f969ed0bf45ae","2019-11-15"
"02a60516d771683","2019-07-26"
"40501d282cc947f","2019-08-12"
"88994e0730c282e","2019-10-21"
"482ae8d92fabd55","2019-08-15"
"7f41aa647b522e9","2019-07-24"
"3b24e0151c38746","2019-08-08"
"043a2aea2f59402","2019-11-18"
"0f3cb8e6adc4fe4","2019-08-20"
"3e0ff3dac7aa8d0","2019-09-12"
"2b8aa4fa03b1910","2019-12-13"
"45bdc0b11390634","2019-11-07"
"e4a4bd5d70b419b","2019-10-07"
"e613cd71575e6e6","2019-12-03"
"e7ce6d35e9958cf","2019-12-09"
"dcf0d9fbdaef5a9","2019-12-13"
"3b770cd5965f6aa","2019-10-16"
"a439356c2432f9a","2019-09-20"
"c020b2d733397bd","2019-10-16"
"7d2c0d3d3dc4945","2019-07-30"
"3bf21ace69ec4ef","2019-12-17"
"5d4cfa0ecb376bd","2019-09-25"
"d24d4c26550d8ca","2019-11-11"
"77104eed5d2cf0e","2019-11-05"
"4e60115b17848eb","2019-09-17"
"fbf4078c965f8bf","2019-09-24"
"20e2a7268eddf37","2019-09-23"
"84f78869f5bc6d4","2019-10-22"
"9495b29f98ef3f9","2019-07-31"
"a0734ed9f18d08b","2019-10-22"
"a9bc6da67bf035e","2019-08-01"
"1df338de79526af","2019-12-09"
"82613c677bfc962","2019-11-06"
"0572611e9fe9692","2019-12-16"
"6a9174434310060","2019-07-11"
"220c70e019358d9","2019-08-20"
"eead3ff953e313c","2019-10-09"
"751d75863b2501b","2019-09-25"
"9114b599232ec83","2019-10-08"
"fc0eb9e9d8250b2","2019-07-16"
"f66c045be72c4f9","2019-07-19"
"0957cebe2de65c8","2019-08-26"
"856d560a855a52f","2019-07-10"
"d083b6bbdc3c8a8","2019-08-14"
"d8b653a685be0f6","2019-10-07"
"9417059bacabc62","2019-07-31"
"99b8149b3eaaf94","2019-11-27"
"181358c084e39ea","2019-08-14"
"1ea29f0b0d8feb5","2019-07-30"
"0eaefba8ca74cd8","2019-10-08"
"39a7d8d754f1459","2019-08-26"
"7e9f63aef21bbde","2019-09-06"
"5983ab9aa479854","2019-10-09"
"742489d6ca05351","2019-10-31"
"4fafa796ddef31b","2019-12-04"
"225a3fd16696e08","2019-09-06"
"6e1b4a2f02fc2c0","2019-12-13"
"e8c2c5d07d3c3eb","2019-12-04"
"e72e405c4e447bc","2019-09-25"
"32b663e5091b683","2019-10-21"
"8a17c65153b3e43","2019-12-04"
"1b997f0f29c8671","2019-07-01"
"1d0fbd6a100d9f0","2019-12-23"
"35e46b5dfd48f4d","2019-08-20"
"6370407b56b737a","2019-08-05"
"51db8694a938ae3","2019-10-10"
"d925b2bc8362126","2019-09-20"
"289b5ecc526b0e5","2019-11-08"
"2a960aa9602b645","2019-08-27"
"a1709b8a894de74","2019-11-26"
"3a0f26c04cb0469","2019-10-02"
"c4d3fd83050d45b","2019-08-20"
"b82677d33f67bfd","2019-12-19"
"a6d79cadf902af7","2019-07-22"
"e1d03761b5325d3","2019-10-18"
"57586ba25c4afd4","2019-09-11"
"53852fac488dc23","2019-12-30"
"626142d58309283","2019-12-09"
"7518fae6233cca3","2019-11-04"
"696e5117e8c7052","2019-08-30"
"82cfe67ed8e4e8d","2019-10-10"
"bdaaa98d42c9b59","2019-08-07"
"87af24b631eebee","2019-09-20"
"067a12c571e7364","2019-10-07"
"30c40fba7a6ced5","2019-09-24"
"1e4eff05854fdd4","2019-12-14"
"d1e165ec5697e66","2019-12-12"
"f7e108f5b93e92f","2019-09-30"
"c78d7b81f5aca6e","2019-08-21"
"e7fb67e72e5bf87","2019-12-03"
"ed461581a217fe4","2019-11-22"
"6186f2d300eeb68","2019-07-25"
"2687ca4c9840376","2019-08-02"
"1fa285a0b87e14f","2019-08-19"
"b6d075b07ccfae0","2019-07-17"
"c2f7eae291496b3","2019-09-19"
"069c824ca1049f1","2019-09-23"
"b1852d6f3acd3de","2019-07-08"
"e3589bd44498cb6","2019-10-25"
"70a8fba54b12a02","2019-12-16"
"bdec6686449000a","2019-08-29"
"be882688e5a5106","2019-07-18"
"6575d56d405ae23","2019-09-25"
"5f307d5f6000cdb","2019-10-03"
"40744f5eea59f4f","2019-09-09"
"4e513c35806f85a","2019-11-13"
"4e513c35806f85a","2019-10-08"
"10ca4c633c06e4c","2019-08-01"
"8d682d4f1954ad5","2019-11-06"
"dc55211a85add89","2019-07-15"
"e613cd71575e6e6","2019-07-18"
"e8fb41779383f2b","2019-12-04"
"f4302bd5eb50fe8","2019-09-04"
"21e1cc9b291748b","2019-11-19"
"5908ddff7642637","2019-07-26"
"6ef826b95fbe5f2","2019-10-10"
"da83ff186bf12c2","2019-11-14"
"d834af3cdb65805","2019-12-09"
"116a243cc0397cd","2019-09-13"
"abcc3da15018dc3","2019-11-22"
"774cac846ecba59","2019-10-10"
"26bc766aaaf27ed","2019-07-15"
"291632410139170","2019-11-06"
"d31dc5662c68955","2019-09-25"
"e7f3d410f8fc9b8","2019-12-14"
"670298055813ff2","2019-08-29"
"8d9a4c4d0c9a367","2019-10-23"
"aa173b218381c07","2019-10-31"
"cfe837c67a66713","2019-08-30"
"15bd392ec3eee77","2019-10-17"
"3a0b656d39627e3","2019-09-11"
"414dc2c43fb48c3","2019-11-13"
"00e1aaeda3a9d65","2019-07-31"
"e901e7953a3d52e","2019-10-03"
"93cd8e16af67ad5","2019-11-27"
"fe8ba7e6b1f66b1","2019-12-09"
"28d069e68136665","2019-10-07"
"733f533257701c7","2019-08-07"
"6fdd96394401ce9","2019-11-11"
"892c74738fecc88","2019-07-12"
"15ee93a8cd20ac8","2019-08-13"
"a646bef122b8789","2019-08-08"
"8b89eea63c625c4","2019-12-04"
"81381426b98484d","2019-12-11"
"cc7a8c1e3c3a7c1","2019-11-01"
"cf1af76b1b0e389","2019-12-18"
"f3cec0353114d6b","2019-09-27"
"fd5ff009914054e","2019-11-04"
"2137bd66ddb86a8","2019-11-05"
"c1df70c2fbf068e","2019-09-18"
"d03c213d6ea7e86","2019-08-05"
"d52a70fc2ab4bb0","2019-11-14"
"5afee0d0972342e","2019-11-25"
"7e0453e88de5818","2019-08-19"
"0e13a934672784f","2019-12-31"
"650ea57b1b596d5","2019-07-10"
"c48a986f59000b2","2019-08-29"
"f0618d7602f45db","2019-08-21"
"8bae11374ba7a74","2019-10-31"
"3672cec69cdd990","2019-08-22"
"3f1f5fe7fb37bfb","2019-12-12"
"d12fd13175d7dbf","2019-08-05"
"f3ca21bf02d947e","2019-08-02"
"cd4bf669c663cbd","2019-10-31"
"210cbd584e6c88c","2019-09-30"
"39925531f5588dc","2019-09-06"
"3a2698daa24fa80","2019-12-03"
"5084b39e63b82eb","2019-11-18"
"75b28e0532ab7c6","2019-12-06"
"b39634f9486b37a","2019-08-01"
"c6ecc8f8410c5b8","2019-10-10"
"d73280c9b3ea440","2019-10-22"
"b27fbf750d29bad","2019-12-30"
"d2f55490db2b4a7","2019-08-15"
"3930f2da6e600b2","2019-07-23"
"e2918021f81e484","2019-11-27"
"7670605e8d35f82","2019-12-10"
"7baea66586b3329","2019-07-11"
"8814dda878edd31","2019-08-26"
"2c798c4cafad945","2019-12-10"
"1a3117ac26154f3","2019-09-12"
"771b729a503071b","2019-11-07"
"3ea4e30a97db284","2019-10-17"
"5fccfad59164293","2019-07-02"
"9481ab2d516b002","2019-11-25"
"9dc2ecb8bf58fd6","2019-11-01"
"6907fb149e40062","2019-10-29"
"b48d7cbe272678f","2019-09-13"
"4185e4b5372f4f8","2019-10-01"
"8690b24ce69c9c6","2019-11-25"
"1a358b7c71dcc0d","2019-12-30"
"e013b23c77af1ce","2019-09-27"
"e3620a8d59cd1fb","2019-10-26"
"4b495edcd07475c","2019-07-30"
"6a83e4b27be8873","2019-08-01"
"750bfd6504e9523","2019-09-18"
"802e198408c8618","2019-11-04"
"711793dda67f1ba","2019-11-06"
"43da9b36b80da4e","2019-07-23"
"c0f82fc8d54df93","2019-09-26"
"74f185b665a5715","2019-11-18"
"97cfe404355155a","2019-08-16"
"e07acceff0809a0","2019-11-20"
"e1811548fa347bd","2019-09-03"
"eb1b57fd275961b","2019-12-19"
"519f302db801112","2019-11-11"
"bf8f9a67c821ef0","2019-07-29"
"9dc693ea96996ae","2019-10-08"
"acadd5f28a3a2c3","2019-08-31"
"028d2ff213ce047","2019-08-13"
"8bcf632d8e1a6fd","2019-12-13"
"888fa3c1437de03","2019-11-04"
"6bfce9b4dc3b632","2019-07-22"
"296521025d31023","2019-12-16"
"50abfba5ed4c559","2019-11-22"
"1adefbd82f2d20b","2019-11-08"
"b82e32286b1c1d6","2019-09-30"
"5080156e9de8da2","2019-12-17"
"68c7db510d57d90","2019-09-02"
"cc3293fd8108c11","2019-12-10"
"cdd90122633cbc0","2019-09-11"
"11d524c17e65dbe","2019-11-20"
"2471a3b7317e8ed","2019-07-22"
"c28cd61124e006f","2019-09-04"
"dfea75f8f89e8c6","2019-10-08"
"ec02744072f8a04","2019-12-06"
"56b97fc2ebc1d7d","2019-11-13"
"5e1f0c34587fea3","2019-10-29"
"287e24b642b5ff6","2019-12-09"
"53c1f7442348ea9","2019-10-31"
"1c3a5aa593a379f","2019-08-02"
"dbb868f10a73a7f","2019-11-08"
"09a0e89d2e3c107","2019-10-29"
"af0314d25370c6c","2019-11-07"
"1d8aba95f8d20d3","2019-10-31"
"f1002f421f2665a","2019-08-01"
"741c0c019de7c32","2019-11-15"
"1ee74719c143483","2019-09-03"
"6aa2bc75d4f4203","2019-12-19"
"fc82e2c251d6693","2019-07-30"
"9b07ec2a45dafc7","2019-11-15"
"d7ef4b2d8158a7d","2019-07-18"
"efaa105962d8442","2019-07-12"
"dba6b2d6fc8511e","2019-08-06"
"0ca950cd2c57562","2019-07-25"
"19641f6f6dc160a","2019-07-16"
"b1beddd5d7816cd","2019-07-25"
"c112ad861d5d16d","2019-09-11"
"0979ab9403a3987","2019-12-17"
"ba3f83831f3cfd6","2019-09-30"
"e936481a376e7e4","2019-11-06"
"3966e22da171ea6","2019-09-17"
"b22b377287ce1c7","2019-09-23"
"a5fcc3ba20c3c1f","2019-11-22"
"e803e702b324db4","2019-12-09"
"718f8f3f573167d","2019-07-30"
"7a1ded0b28bb9c8","2019-09-06"
"583b926e3c0199d","2019-07-01"
"cc221653d2bd10f","2019-08-30"
"3ff5299b9f9c5de","2019-09-17"
"88098c02dd48d1f","2019-08-28"
"618591146e80d15","2019-10-22"
"f9784d404ddbc14","2019-12-03"
"4e51428b4ea3b2e","2019-08-27"
"be59f7a58ab2dfb","2019-09-19"
"7278ab20f821bab","2019-09-13"
"5a2914e9b10c4ea","2019-11-18"
"c98633bcbdf5ead","2019-09-19"
"580a0413231be4d","2019-07-01"
"6806f649f358db4","2019-10-03"
"6b4beddd3f5e31c","2019-12-19"
"9bde4782e787e97","2019-07-15"
"fc71013bfbc8fb7","2019-07-30"
"c9b1438bca08dc9","2019-10-29"
"5baee0d3dca2758","2019-09-23"
"16710e3b701371c","2019-08-21"
"38c1520645b25ad","2019-10-17"
"1b18a9039cde908","2019-07-03"
"35eb02d841654f5","2019-08-21"
"39021f7a7eeeec3","2019-09-10"
"02ea0638890cbd2","2019-12-02"
"a2a6d9bd5ebb347","2019-09-19"
"6fd02f39bd136a8","2019-12-10"
"daf0a2304b47f78","2019-07-25"
"8e9082fe5ba7dfe","2019-10-21"
"bea07546a817fd3","2019-10-07"
"40929942adfade0","2019-09-03"
"665663d8b28258c","2019-11-12"
"6eef6390f009308","2019-09-25"
"707a40c7e9c91cf","2019-12-25"
"72bbe9f38b310f1","2019-11-12"
"becd2e48f2e580d","2019-07-16"
"c6e082eb17a786d","2019-07-18"
"4fcc9a5483351dd","2019-09-12"
"8844de5820142ec","2019-07-18"
"44ccdf1e0bb7b14","2019-08-02"
"ac793b29dad83b3","2019-08-05"
"a661c44756685d5","2019-10-01"
"8f895d79f900ef5","2019-12-04"
"7ec70cae034df74","2019-11-22"
"37a388c13cc3783","2019-09-24"
"5c187d938d6f56a","2019-10-30"
"73104a172c4571c","2019-09-23"
"aff0554e36a67fd","2019-07-24"
"1fa829d5056c6fc","2019-09-24"
"e21f2063bc34fa0","2019-10-16"
"ee0944aadf851f3","2019-11-21"
"49e0c384536ceb3","2019-10-31"
"3a99f75ea1691ed","2019-09-20"
"2acceceb041179b","2019-07-04"
"387f673d715a39d","2019-07-10"
"8a9e7d6dad456fa","2019-12-02"
"512c4d0a46102c6","2019-12-05"
"5f43d5bc42752fe","2019-12-20"
"c62e72d590019f0","2019-11-12"
"2544407383f42cf","2019-11-06"
"13bea7ba933f92c","2019-09-16"
"177a33e378cbe95","2019-11-18"
"6c4b51d20e8e67d","2019-10-28"
"953b6a907110b82","2019-08-28"
"6086339f9686fa7","2019-08-21"
"145aa335a57ae43","2019-10-04"
"f448f6fe1c5f950","2019-07-15"
"fd3528568ef2022","2019-09-02"
"ed31756db55290a","2019-10-30"
"90a60c6b091c109","2019-07-10"
"9ba72a3ef8773b5","2019-12-17"
"0120a17e42e8b3a","2019-10-08"
"e2809e8b9cc347e","2019-07-31"
"b6f0e69eedd6938","2019-10-29"
"fda5e23f30f59d1","2019-08-05"
"9a330c2d7267577","2019-08-21"
"878bd9029a6cbd2","2019-11-13"
"8bf55945cdca82e","2019-08-27"
"0793555900c09f3","2019-08-09"
"0793555900c09f3","2019-09-30"
"3fe8c8c14734b59","2019-09-23"
"e6c155adb65c7ef","2019-11-28"
"393e035c9a2e62d","2019-10-28"
"421148308cfc60e","2019-08-12"
"537ba4fd016d875","2019-11-15"
"5a25703033ea34a","2019-12-05"
"d2fb18f92ed557b","2019-07-02"
"37b40f5defd5cea","2019-07-02"
"4c5871bc40f5145","2019-09-23"
"dccf42fffff7246","2019-11-06"
"0912261f335570c","2019-08-25"
"0cfc2306ddeb2e4","2019-08-06"
"9b125b9302c59c0","2019-07-08"
"9d320c4227fbac1","2019-08-13"
"aa048ad23813a2f","2019-11-19"
"b9afa22924938db","2019-11-26"
"471657539105034","2019-09-28"
"21ad428b3e96bf3","2019-08-27"
"427faea362d99ae","2019-08-23"
"eaf26cf46109151","2019-12-09"
"fbdb8192275ad98","2019-10-22"
"137c067e630231c","2019-11-15"
"58a1723c7bd526e","2019-10-10"
"76c1def7ea7c8fa","2019-08-20"
"03dc0a57a065a82","2019-12-20"
"107684b23a26cf7","2019-08-29"
"9575685d6b8ee05","2019-08-09"
"4d20dd30ea539e8","2019-11-19"
"a4e52771baa852d","2019-09-26"
"62a8f832aa62878","2019-09-11"
"e9ebd639171a5de","2019-08-28"
"fd1d9225f3c4e9f","2019-11-20"
"f885ffb15cba010","2019-09-26"
"7f6a772bd3998be","2019-12-16"
"ee860a642b08fad","2019-12-15"
"93c389f49bb19b6","2019-08-16"
"db6e32c6629d4ef","2019-11-20"
"aaea4c52ae292cc","2019-07-09"
"e852216995a9fc9","2019-07-08"
"ec4d720d27c23c7","2019-08-29"
"1e4212dfc8cec3f","2019-08-19"
"27cc5a5b163ba37","2019-10-23"
"b3948b8d9ee7a44","2019-08-22"
"369c977b46522b1","2019-11-13"
"4e8956cb2021ea7","2019-10-07"
"3e8e36fb475fba4","2019-07-19"
"aa5bc266aa74346","2019-09-06"
"c6389b5db6dbb48","2019-10-24"
"dbcf1d2e0aefb94","2019-07-15"
"357b649f70201f8","2019-12-31"
".cc754d251302eb7","2019-10-31"
"a68df64e27d5263","2019-07-08"
"b9ee770eacd9758","2019-10-09"
"8d313d191a4addb","2019-09-11"
"f662097e22cf6c7","2019-11-12"
"a47f72e2a4d9c85","2019-11-18"
"bb49d836f9b6111","2019-11-12"
"6f9070aeabb9f9c","2019-09-05"
"7ead2b79a775e39","2019-12-12"
"41f87059bdd4ceb","2019-09-13"
"12ab61c16a2c6e7","2019-07-28"
"8bb8093f22f2358","2019-07-17"
"8d031bf0624987b","2019-08-19"
"731c3b06fc96886","2019-07-12"
"dcaad1a9b64d99d","2019-10-29"
"406620a47aade9c","2019-11-27"
"c9809a19cf54e66","2019-11-01"
"57caddc3132edb4","2019-11-08"
"6ef826b95fbe5f2","2019-10-25"
"11f43b8ea38c6e3","2019-09-06"
"0d1e518a071fffb","2019-12-10"
"64922c0d05ce9c4","2019-07-26"
"bf13ea21cc9bd1f","2019-12-10"
"23301b604f756a8","2019-12-30"
"3e9bbb79a570dc9","2019-07-31"
"6115e59e16aeba3","2019-10-22"
"5796250d22232e1","2019-09-16"
"72889ba8ef654a4","2019-12-19"
"6a1b4194580484a","2019-07-22"
"3dad217016c8a44","2019-07-12"
"e6f3eb5e4aef0d4","2019-07-25"
"61a7bcd5e29a16c","2019-08-01"
"79a8cb5ce7c7486","2019-11-27"
"a73f076e211a57b","2019-09-25"
"b7387e5dba76d58","2019-07-29"
"9bcfe332ff4a708","2019-07-09"
"7c1ecb66df82726","2019-07-09"
"955b31408669887","2019-07-01"
"1ac0e56eed772c7","2019-11-13"
"30597e67f922411","2019-07-16"
"47a06d4620c25f1","2019-12-23"
"c4d2359c5920601","2019-09-03"
"efaa105962d8442","2019-08-12"
"742c80bdc85550d","2019-09-12"
"060d4847deee11d","2019-11-15"
"b3377dcb26ede51","2019-10-16"
"a8f8d540e6a908a","2019-11-13"
"7443a32d984163f","2019-07-19"
"11e240eaa7e6206","2019-09-25"
"35785331fa5ac4f","2019-07-18"
"1d8aba95f8d20d3","2019-09-30"
"bb8d8c64b4aa5b2","2019-12-09"
"a20944a1e7dc5a2","2019-07-11"
"baf91531b1d1ec9","2019-07-16"
"594b7409b4ce986","2019-10-24"
"43766915bbd96f0","2019-08-20"
"2b15222006ce498","2019-10-23"
"5bbe48a3eb3507e","2019-09-18"
"cb96783f01944d0","2019-12-09"
"d368a326c2a6a75","2019-07-12"
"3288127c1c0c124","2019-12-06"
"fb9b4584dd29778","2019-09-19"
"815c86a19a31be4","2019-07-04"
"ea523affbd6448c","2019-11-18"
"48d608109e4eb0e","2019-10-12"
"dace328d4fd5d3a","2019-09-17"
"8cf46e8081d4481","2019-10-29"
"632028509790d37","2019-07-23"
"96fc2c0797a3e2f","2019-11-01"
"dd5740033dc655b","2019-10-16"
"30a8392fc4badbd","2019-08-21"
"810d61803dca217","2019-09-26"
"c4e3ebae68f6ff5","2019-09-20"
"ea204ce7c701d5d","2019-08-05"
"53b5abc45325b58","2019-07-26"
"e8d5c7df85960d6","2019-11-20"
"3dac451ac7f1c3b","2019-12-09"
"a3895dd4b8ff5c2","2019-08-13"
"7a502d55f58bb6c","2019-09-18"
"3b5a0728133013a","2019-11-26"
"5553964bae8d1ff","2019-07-25"
"3f1d0c5d9fb5a46","2019-10-23"
"1f7a72dc85d2259","2019-09-24"
"b03da9eb34c0d74","2019-09-18"
"bb4233fcd77348b","2019-11-11"
"45269e4792bd164","2019-07-30"
"0a45b7b900a96e2","2019-10-31"
"a6115ff33297932","2019-11-01"
"fefa1afc32508bf","2019-08-16"
"810480aa4cc3b14","2019-07-11"
"7518fae6233cca3","2019-08-28"
"36d83a37695cbc7","2019-08-27"
"834d269adc5d274","2019-11-13"
"1185830c38cb048","2019-08-09"
"d645a62b5a43fbc","2019-11-14"
"ae262f184c35d86","2019-12-24"
"8291969d3b9e66d","2019-09-06"
"dcdef37c00f0333","2019-09-23"
"eb1b57fd275961b","2019-09-09"
"049ce33b60a6268","2019-08-02"
"130ae7dad150f42","2019-10-18"
"a6eab9e8e83de9d","2019-10-21"
"96dafe1b92e7ebe","2019-10-02"
"88139a067c44022","2019-09-06"
"af41b9eaaba3af9","2019-08-23"
"217bb62d56fd0dd","2019-12-10"
"5ac6663acd65a9b","2019-12-04"
"8968aa04da5aaf2","2019-09-13"
"560f911085315f0","2019-10-07"
"888fa3c1437de03","2019-08-15"
"777497c331bc15f","2019-08-14"
"88e437837a26ef5","2019-09-03"
"73723ade9261f8e","2019-11-18"
"d58734415792aeb","2019-10-07"
"088a09d09a89699","2019-10-22"
"a439356c2432f9a","2019-09-06"
"c368ffd9419cb1b","2019-11-12"
"d8f4e483a0c0f6c","2019-10-16"
"dc98a74b1617bef","2019-08-29"
"596a343636a6dd2","2019-12-15"
"abcc3da15018dc3","2019-12-31"
"c3e8040c4debaa6","2019-11-04"
"db6549326f6c5f6","2019-11-20"
"ed6e86f7ded5a6c","2019-09-24"
"ef246fa0f0f06f7","2019-12-20"
"ef8162b8a6c55a0","2019-10-21"
"de6ec68bdb91ff5","2019-08-13"
"f15a935bfd4e7a9","2019-11-26"
"b3126b6025c557a","2019-11-08"
"3bd0f303b7aa84e","2019-08-22"
"acf08c2c40d9134","2019-08-01"
"357e9f96c5ec15d","2019-10-30"
"8f93c829b464c06","2019-10-31"
"d0c5684b5649136","2019-10-23"
"60a83769f2bc30b","2019-08-24"
"8dd5c8c0c67bfd7","2019-11-25"
"e1cf0fac21c23c4","2019-07-11"
"9b07ec2a45dafc7","2019-12-17"
"defb1d554c40cbf","2019-09-25"
"d434afa896f7b36","2019-09-24"
"f0e75c77c5b15d8","2019-11-12"
"59e48d8a6f11c80","2019-12-19"
"af8bee7634dcaab","2019-12-19"
"1dbe62fef98caf6","2019-10-02"
"47e194eec3ee759","2019-10-21"
"50ad17ddb0785ba","2019-11-13"
"928374f5838e5ad","2019-07-16"
"1d8aba95f8d20d3","2019-08-01"
"1d8aba95f8d20d3","2019-09-17"
"bb9634a35bfa314","2019-09-06"
"e19a2f12d7ec6d5","2019-11-25"
"dc648f647348064","2019-09-17"
"a8d563b0de598d1","2019-10-28"
"656ecf881dc5c92","2019-09-03"
"a56a7cb40b077e6","2019-09-10"
"f5510f8f503cf04","2019-07-19"
"da2145e264bcd5b","2019-07-31"
".4b8f682308fa17f","2019-10-27"
"d890bb766870306","2019-10-08"
"dac2e31694393bc","2019-09-04"
"cb036f94764b1bd","2019-09-19"
"3ea9067a16bf52f","2019-08-14"
"454a6a66188833f","2019-08-06"
"742489d6ca05351","2019-11-23"
"71f4ab658cdb1ee","2019-08-29"
"44212e75cc84f21","2019-12-31"
"583b926e3c0199d","2019-11-27"
"44e3f2c1b8bd2d6","2019-11-05"
"3dd9d7934cafcf7","2019-08-09"
"48d608109e4eb0e","2019-08-06"
"ed90b141018b134","2019-07-09"
"c2d827575ac6cef","2019-10-08"
"7513c3b6eaa3f2f","2019-10-07"
"288e23099e7913d","2019-09-20"
"2b46905f09a8806","2019-11-06"
"c1339a6d024145f","2019-12-04"
"f59417a540cc23b","2019-11-19"
"8965fdc5f8f2b90","2019-12-05"
"39925531f5588dc","2019-11-20"
"c0423d29c9285d1","2019-10-09"
"cb96f784c8397b2","2019-10-02"
"eee7e4d4994206c","2019-10-16"
"b3c5cd0745e4700","2019-12-12"
"28d5470f5ac58b0","2019-07-18"
"53dd183f7ee7a38","2019-08-20"
"15160add620b6d9","2019-10-15"
"362335a26790b5e","2019-11-14"
"491d64578e8fcf1","2019-08-28"
"d4c3ac7dca86eef","2019-11-11"
"eed7e602088fdd7","2019-09-23"
"2a553caa6f24eb6","2019-09-27"
"7560c1c758db7ba","2019-10-21"
"7560c1c758db7ba","2019-11-06"
"93d2af4635d331a","2019-10-03"
"9b980cdf667912c","2019-08-02"
"7de6bc791b9d49e","2019-08-08"
"0c6d707f9b60ed0","2019-12-10"
"29886961bcdda49","2019-07-22"
"30587469d458443","2019-11-21"
"3e56f8a673b423e","2019-12-06"
"15e7ecbd522a96b","2019-10-25"
"dcdef37c00f0333","2019-07-08"
"dff7482e3edd1a4","2019-11-07"
"88994e0730c282e","2019-10-16"
"a8c518e961dc6d3","2019-07-22"
"883563e8046c462","2019-11-07"
"2a4deac5841ed5b","2019-11-15"
"460bab7ea2bf8d8","2019-08-17"
"3ee00ca2b39a8f8","2019-10-23"
"07efd9d285e800b","2019-12-11"
"11171b5713f2020","2019-09-05"
"12ae12dbc192365","2019-08-13"
"819d511f53f2ffd","2019-11-04"
"04db82b1e867480","2019-07-10"
"1d804d5e9186240","2019-10-15"
"acadd5f28a3a2c3","2019-11-08"
"a65ceb472c24546","2019-09-23"
"530daebb8b49229","2019-09-18"
"9fc2d38294c5d60","2019-11-15"
"3a91832ca387b69","2019-10-30"
"0175b3a2a3f85e6","2019-11-04"
"028d2ff213ce047","2019-09-18"
"644107b0a4e463e","2019-09-26"
"66a8d9fcee0836b","2019-09-12"
"471281c820661eb","2019-12-09"
"69b8c77fefb684f","2019-07-02"
"e662d9de1fa535e","2019-08-05"
"eab2cc5653b144a","2019-09-11"
"4450d21c414a857","2019-11-22"
"cdd90122633cbc0","2019-08-15"
"5e317d39742d029","2019-09-23"
"c513d9315a593d8","2019-09-17"
"afc283f2aa7f559","2019-11-12"
"67118bd26384cfa","2019-10-21"
"933e081c3e46e78","2019-07-03"
"ea4916fb509fc8a","2019-11-07"
"213c1c221ecdf81","2019-08-14"
"161a2e6db4cac70","2019-08-30"
"4a9eab1352c714f","2019-07-23"
"24ca66fc38921be","2019-11-20"
"e79b385607ed63c","2019-09-12"
"9eb44cf8f5c9a44","2019-12-14"
"c9e7bc3d2fda60b","2019-08-08"
"cc5746fb4974beb","2019-09-30"
"b6d3f2ca966c0bc","2019-11-12"
"fe8d71b850f55eb","2019-11-11"
"16f1598097b05f5","2019-12-22"
"1e41705650be5cc","2019-10-21"
"03530c9197f5845","2019-09-04"
"13b66416dd2cb9a","2019-11-05"
"7dfa03451b06e4b","2019-11-11"
"1d8aba95f8d20d3","2019-08-29"
"e557ab65e628d1b","2019-12-23"
"cd32c1dd3902ca2","2019-11-11"
"976ea8ccf89d5c1","2019-07-09"
"1ee74719c143483","2019-08-21"
"a0d5291f7f604f6","2019-09-16"
"f2ee24698579f1e","2019-08-13"
"116160647662954","2019-09-20"
"a8557f6cdb8f808","2019-08-06"
"6470e890afc9c8c","2019-12-19"
"8c51105c07997b8","2019-12-05"
"aef932831efceaf","2019-12-02"
"58b7408d2b9cb96","2019-07-10"
"f5510f8f503cf04","2019-10-24"
"083b55c002487be","2019-11-21"
"146beb2b3437551","2019-10-11"
"9824a358fb3a2a9","2019-12-31"
"425679331d7ed77","2019-08-23"
"445c54c41f04d55","2019-07-09"
"506e723d885c045","2019-08-22"
"ba708156a800d27","2019-12-27"
"9d3501c4c0d5307","2019-12-10"
"c8c99507ec83c23","2019-08-30"
"08c0b78305376a5","2019-07-31"
"0f64459867200a3","2019-10-17"
"430ae6a6a966e11","2019-11-11"
"dd085f5a6732e63","2019-10-21"
"21c431b923364f6","2019-09-12"
"7a66e02f1dec2e8","2019-12-04"
"395033e8d3f1657","2019-12-04"
"7cd126411f639fb","2019-11-12"
"e99aabb18a9d7f8","2019-07-24"
"1046566f199f28b","2019-12-06"
"2c3f2e413f921f6","2019-11-26"
"f0b3c23615131d4","2019-10-21"
"b4229313269d0be","2019-07-01"
"30aa6c4dfef2710","2019-07-22"
"fb0362012f50d87","2019-12-19"
"9b084144b9d3272","2019-10-28"
"f9394501ca87621","2019-08-19"
"557ee6f6b73ba15","2019-12-11"
"9eb57934c8c6bff","2019-10-16"
"eb311827c42a6d0","2019-08-30"
"12290c303d96bd2","2019-11-05"
"698ef3d8901f4f2","2019-11-05"
"731795e3cc92c8e","2019-11-27"
"18277e5a1c24be0","2019-11-23"
"bb9ae4ce8e4e8df","2019-12-12"
"b22f06c14a72d13","2019-09-25"
"bfe33785c8c7d20","2019-07-31"
"ff29c3e5e72dcdd","2019-11-16"
"ac0069889a6f864","2019-09-27"
"b3480c9cb0e76a6","2019-07-16"
"72ae964179e14d8","2019-10-15"
"3d4dcaeb9057276","2019-07-15"
"38321aa8ab1cce8","2019-12-04"
"4861a0c6c9b1839","2019-11-12"
"4af54d46c4811dc","2019-09-27"
"ce67b94f66b27cf","2019-08-09"
"6f8febc2791bd19.bc50a278fd71130","2019-10-03"
"c1928be2bbbce96","2019-09-20"
"eac4181c58f9c95","2019-08-14"
"f25d73610b1e825","2019-07-29"
"361e7be9a7f8b70","2019-12-16"
"b1734dc052840f4","2019-11-12"
"ec7673e1c2e980e","2019-08-27"
"9dd32ce0dd7fb75","2019-08-22"
"bb60e177401921d","2019-12-26"
"5cf08a143735d4b","2019-08-07"
"46c53c63cb743ed","2019-08-20"
"8f1078510ea9b7a","2019-09-23"
"6ea07541fd81b86","2019-07-11"
"5856f3dea9c76cc","2019-11-12"
"2d0003513d58f2c","2019-09-23"
"6f3c99a441784b2","2019-08-29"
"72588ee3d0d19e1","2019-08-26"
"7e2524ae93830a0","2019-08-23"
"a528da1a771e5db","2019-08-23"
"fba4c24668ffdfe","2019-08-01"
"4465ef653a41374","2019-11-01"
"2e7f4d1a3697301","2019-11-06"
"223e45d618c09cf","2019-10-02"
"c2c9ab15acf1b4d","2019-07-01"
"0e5809aec3c4420","2019-08-27"
"146bdcab0f1a47d","2019-10-15"
"134579b6b81feed","2019-09-04"
"6ced40b88199121","2019-12-13"
"9a4c71c8f1e0a7f","2019-12-13"
"9e30ac71f3a07db","2019-08-24"
"0e5bb5b76717c6f","2019-07-11"
"33cdddc7e1dcbcb","2019-08-16"
"90e18720029bffe","2019-10-01"
"b95cac59658369b","2019-10-24"
"904a3da97a91f9b","2019-10-22"
"c179dcc13d31d71","2019-07-08"
"a0cacb491496c75","2019-11-04"
"7a636d1032433d9","2019-10-29"
"75d6489323c39ca","2019-07-11"
"0cf1d949b9d72bf","2019-12-26"
"f87c21560d36b29","2019-08-27"
"c8974da069d1f7f","2019-11-01"
"4bf62060a60eeb7","2019-10-23"
"96b5da7b8ba9d7a","2019-07-11"
"9982fbd8d8c0aec","2019-12-12"
"11eae5ef52d2817","2019-12-09"
"e32b72782e0d538","2019-09-27"
"e4dea6b5b84e23c","2019-11-13"
"2a4048858da812d","2019-11-13"
"41b5bc890bcc767","2019-10-10"
"19678e18229521e","2019-09-23"
"b3ab2490ed5d150","2019-12-18"
"b3ab2490ed5d150","2019-07-03"
"b3ab2490ed5d150","2019-07-16"
"bdf595b005d731d","2019-08-07"
"4743b195dbb1207","2019-12-10"
"946d8d3aa23a4fe","2019-09-13"
"a67ea455cd696d5","2019-11-27"
"b8a8e1fa242fdd7","2019-11-09"
"a2c5357e20d7e5b","2019-07-19"
"b0da657da57a57e","2019-09-13"
"5103ec92b5f90a9","2019-09-25"
"536336ed62110a6","2019-10-30"
"7dad14bb75ec985","2019-12-30"
"d6dae2731c3be1e","2019-11-16"
"b7b5b092b9c15a3","2019-07-08"
"4c6f4511323fc0f","2019-12-11"
"107684b23a26cf7","2019-07-26"
"669c2504e23ace4","2019-07-19"
"5f193f286f48298","2019-11-25"
"76e91637ba34c02","2019-12-11"
"bad4c0e953ab92b","2019-08-29"
"bf3a998158748d1","2019-11-21"
"e6abee67246e927","2019-08-14"
"523ff998160bfc3","2019-11-09"
"42a877dfe20ede8","2019-10-22"
"32fe97d1f980a3e","2019-10-01"
"65a62bfac81feeb","2019-07-23"
"65f0f3ed2333b9f","2019-08-12"
"d87c7bd569506dd","2019-12-06"
"fd5d0bb42f1d9d8","2019-09-11"
"9782e7cfd68334b","2019-07-18"
"ebd6d1d736d1b89","2019-11-15"
"627ea6c41b34153","2019-12-16"
"6e6a67c2ce09ced","2019-10-23"
"0878d30eeb9a337","2019-10-09"
"ccf8e672ca01686","2019-08-19"
"8e71b9f60ededac","2019-11-21"
"ae77e43253a3f55","2019-12-13"
"0f5834d3029d4ab","2019-07-29"
"e072f56a45b674a","2019-09-02"
"d9b62911bd1525c","2019-08-21"
"bc5ea7c520f70b4","2019-07-10"
"c5af013bf2a9bad","2019-07-24"
"84d048e8d8757a9","2019-08-20"
"264924ce15fec44","2019-12-19"
"626311dd7278944","2019-12-23"
"e0e9b625d2ffcc7","2019-10-09"
"48bc40a2038b118","2019-09-28"
"2f149c74d9726fa","2019-07-17"
"b141833edc55b92","2019-09-09"
"c0692e57e6b49d9","2019-08-12"
"f9da5a2ed34b5c2","2019-07-11"
"a4e3b039a8328f2","2019-08-06"
"705acea048b77ea","2019-08-28"
"9661f133134554d","2019-07-29"
"aefd1e0912e5ae3","2019-12-23"
"6973099f88fe632","2019-09-26"
"a16e0a514739afd","2019-11-05"
"b82dfbc61dc9830","2019-10-16"
"ee0ebc83b46407d","2019-09-30"
"4d162c876ef691d","2019-08-05"
"9038b003b53458a","2019-12-09"
"92495814df2aab3","2019-11-05"
"b56d7424b71c66b","2019-07-22"
"cbef31300231fe5","2019-12-04"
"08bbe5ba706dc57","2019-08-22"
"ba93aa8dace18f8","2019-11-18"
"f797cf544d63f8f","2019-08-08"
"6a302887b84fd56","2019-11-08"
"af15bb28f23ce57","2019-07-23"
"9080411d0f7d778","2019-11-11"
"988f25686a3fc14","2019-12-16"
"48daabad648cb60","2019-10-17"
"4fedefe3f132fb4","2019-10-11"
"4e66e63b7ed997d","2019-12-05"
"714cebc61cdb06c","2019-11-26"
"8637feef7350842","2019-08-13"
"18dc16d37705a0d","2019-10-24"
"32ed0d18245a607","2019-08-09"
"440f524951e1ec4","2019-10-07"
"af9682d336d651e","2019-11-25"
"af9682d336d651e","2019-10-23"
"5bcffc0bf75d145","2019-08-19"
"195690c58d34683","2019-10-29"
"d98ddbb994f6841","2019-09-13"
"8b645521ab0d78b","2019-12-09"
"b1d7e41323c7255","2019-09-25"
"eda1bcc1c51643f","2019-12-12"
"34970bcb1d239b3","2019-08-02"
"26804e709465262","2019-08-08"
"0349fbceb98713a","2019-12-03"
"223e45d618c09cf","2019-10-10"
"cad3f38d7723694","2019-12-03"
"0cb25ca3dc1d445","2019-07-11"
"1aab85a6fb70bdb","2019-11-12"
"612dac99387c9cc","2019-08-26"
"9e31b39b564bf01","2019-09-26"
"9482667ca0d7df1","2019-10-17"
"97596643b5a9965","2019-12-11"
"2deb137969d394a","2019-09-04"
"823f1f4f6b7d29a","2019-08-05"
"a0cacb491496c75","2019-12-11"
"8b61b83a3bb87ea","2019-07-25"
"d6adf0e578f29a4","2019-07-12"
"4b8caa60455762f","2019-11-21"
"02a038ad04bff40","2019-12-19"
"5ee0205233ef89f","2019-07-30"
"6889ecf8a3a792b","2019-10-29"
"9312b8860ea8daf","2019-12-16"
"6be99706336fe07","2019-10-21"
"fe5b80fda8eb95f","2019-10-24"
"36c263b50f01717","2019-07-15"
"8e63ae99c85be8c","2019-11-13"
"18b35c05f95e866","2019-09-06"
"24092d94c1ce2dd","2019-09-12"
"61009fc49b2088c","2019-12-15"
"61e712e9155f945","2019-11-01"
"7bf975307b87248","2019-08-16"
"2ffc17f3768b21c","2019-11-25"
"0fc1a05b6333c33","2019-10-09"
"88a314c34bd5c04","2019-12-02"
"8e3c45222548581","2019-07-30"
"9d320c4227fbac1","2019-10-01"
"35a67ee90a89f1a","2019-08-29"
"109231342635673","2019-09-10"
"a7c1fbf136ca900","2019-09-06"
"b9538759204971b","2019-07-30"
"bc63a0fe6bb03aa","2019-09-18"
"d48ed390043a57e","2019-12-05"
"44d91d215bdc848","2019-07-18"
"7dad14bb75ec985","2019-08-08"
"fec06cd277eeb05","2019-10-21"
"08805c57fb5b4fd","2019-07-16"
"7e9acc9a9837bfc","2019-12-10"
"34fd2190508ee5a","2019-10-23"
"54a9387cc0ef3a4","2019-08-09"
"6bd0ed1eeb6e0b3","2019-10-11"
"54cafeb2df8d027","2019-10-17"
"66429b3f3957318","2019-12-16"
"e1f393e896e7ed6","2019-08-13"
"ce745184f988449","2019-10-07"
"d024af167ab6be8","2019-07-10"
"c8395ca13605893","2019-10-25"
"fd40a9af96f8645","2019-12-17"
"b28e805ae18a9de","2019-09-11"
"33f5a34c008894e","2019-09-27"
"81edc1691d7be6c","2019-07-22"
"0aeeae70f163280","2019-07-02"
"785fca5e8e9303c","2019-10-01"
"fac72d4fc0da504","2019-08-14"
"ce27cd5ce948db6","2019-10-15"
"e852216995a9fc9","2019-07-12"
"e852216995a9fc9","2019-10-01"
"86972e08ebe9887","2019-08-01"
"26e632f70d5b26f","2019-12-05"
"2e1e1765ffa78d2","2019-12-11"
"fab4b69cc3cf0c2","2019-10-21"
"0aa787698948afe","2019-10-31"
"5c5af5737ea9740","2019-12-06"
"72ae964179e14d8","2019-10-16"
"7f875af4be17bd4","2019-09-02"
"89b6360e45b8ffe","2019-11-14"
"0877a562ce85c02","2019-07-18"
"52e876aa200c0a4","2019-09-13"
"7cadfbe39fa2c32","2019-12-16"
"b3499d0aa640e12","2019-12-12"
"a4b5e6c5a2d9258","2019-09-11"
"c8fc4e9e9ca4f97","2019-10-31"
"24bdf66d93a3cf3","2019-09-18"
"c51199b79df0cb0","2019-12-09"
"9dc709dc9bdbfc6","2019-09-16"
"e691a44bbdf77e0","2019-07-08"
"aaf4668023d00ec","2019-10-15"
"922c14b4bbc0b8f","2019-10-16"
"acf76313fbf008d","2019-10-15"
"0f4b44cf9c1408c","2019-09-24"
"c45d15dd9d92bf7","2019-12-12"
"2574372cad8312c","2019-08-30"
"7dea92e02f0df32","2019-09-11"
"8fc87889dd02f2c","2019-10-11"
"848a1488e068fe3","2019-12-13"
"49ba95db4fdff64","2019-07-11"
"4c2ea265ff12f5b","2019-08-01"
"0099a473904d5b0","2019-09-19"
"7317f1a9268a67f","2019-12-03"
"7d75ac2f66d9c28","2019-07-10"
"211c0e24547b58e","2019-08-02"
"c4bd3e2aa6053d3","2019-10-15"
"2586ef722572ceb","2019-10-07"
"2776fe26e6b4bc0","2019-12-04"
"0b0af6b0bc228b7","2019-11-01"
"3890f173d550e61","2019-09-25"
"0a58db9c58b9812","2019-09-09"
"69d8631dd7a1f11","2019-07-17"
"e802287208f9968","2019-12-11"
"7100a122aa56428","2019-10-08"
"ee336b178fa4dba","2019-10-18"
"eec74128087e9fb","2019-12-18"
"f4cfc5de2fc9b0d","2019-09-12"
"f8614c264ded46b","2019-10-08"
"fd989aceb55a3ee","2019-07-20"
"97596643b5a9965","2019-12-12"
"ca1e9d6ad05a096","2019-07-08"
"ef5af5019bf5e52","2019-11-04"
"9117bbeaf36276b","2019-10-07"
"ad151760631c5de","2019-12-11"
"b3aad8c781743e9","2019-10-10"
"fd35b87436adcd8","2019-10-29"
"658615329fa0442","2019-12-10"
"831775f14a2f6be","2019-12-03"
"19b95258c227a0f","2019-11-26"
"4263b8ac11fbfa7","2019-08-30"
"4e57135345a9713","2019-08-08"
"6efebdd94e3ca15","2019-08-20"
"dd27b0bb158b4aa","2019-11-07"
"54246b13be6ba9c","2019-12-09"
"300f833d85682be","2019-07-01"
"5f8cd15a8a1ad78","2019-10-15"
"135c538a622a7e6","2019-11-12"
"dafadc12d2ea319","2019-10-22"
"9183195be52c541","2019-07-19"
"a1f409c49ee455a","2019-07-11"
"973de360b30004e","2019-07-08"
"fec06cd277eeb05","2019-08-15"
"048a0c14a46bfea","2019-08-08"
"70501c41edb7ffa","2019-09-10"
"551de25acf8b1be","2019-12-31"
"1252078dbd280de","2019-09-05"
"92c12a0b2940331","2019-08-27"
"a5071356892013a","2019-12-17"
"c3582bdad550af3","2019-10-09"
"0d50e8e87f0cf88","2019-11-05"
"6ccf83b45e0d2b8","2019-11-27"
"a84553a2e45e82d","2019-11-23"
"b56cadd631ca2ad","2019-09-30"
"d7e282576185547","2019-11-15"
"edf98f98f15dcbf","2019-08-02"
"1f99ccb49351877","2019-11-14"
"5fc0694773a529f","2019-11-05"
"dd275044d222747","2019-10-25"
"ed0ecf0fd8a07af","2019-09-10"
"e6f392b06a44d9c","2019-11-12"
"00f8f01008d8020","2019-11-21"
"8237b95baeed6d6","2019-08-24"
"d3cc469bbaaed59","2019-11-26"
"0394f480fbf5f50","2019-11-04"
"936ca28ea888e4d","2019-11-22"
"09f9ce38155b6f7","2019-09-26"
"d1e01c4bbf5f2f9","2019-10-03"
"455237653c1ebed","2019-11-12"
"5b0050c9ca69c91","2019-11-12"
"9d60d85288c9842","2019-10-11"
"9d87e718c5662f3","2019-10-17"
"4d580c27febf778","2019-11-13"
"54e571d0849a21a","2019-07-26"
"1ab5069769bc848","2019-12-12"
"b398678fc0631a4","2019-11-07"
"658e1982192731a","2019-10-17"
"a05b088cb8bfa98","2019-10-03"
"bd95426b5c58e6a","2019-09-18"
"4dbd47d422b0c56","2019-11-22"
"91db0827c485aaa","2019-11-27"
"a65758ad83adcb6","2019-09-30"
"bcbb43ea2f867c6","2019-09-27"
"6fde1ab2de5e47d","2019-12-31"
"8ed73928a2b4196","2019-07-08"
"6d76b2a962e1912","2019-12-04"
"8b716a5da63bcea","2019-09-25"
"ca9683d96c3fdc2","2019-12-04"
"f2ee5e3ec0baee5","2019-12-22"
"30b5edf7de7675d","2019-09-19"
"7c1d1f14662cfac","2019-08-22"
"20686406e1debbb","2019-12-17"
"f193530f25cc454","2019-11-07"
"f7aeac1ba123d53","2019-10-02"
"e21e695e679c087","2019-08-21"
"b7ca4a2bf44ccaf","2019-09-19"
"7430b7ded159320","2019-08-30"
"03fc892a19eb06c","2019-11-01"
"cb826d4d2ec761f","2019-11-14"
"a48e738182b7008","2019-08-13"
"8e2b1e8e8b7de30","2019-11-22"
"b4a569a9ffc3d63","2019-07-22"
"759f361a9fa6ebb","2019-11-19"
"a1c5e076ddfbcdc","2019-10-11"
"d24ed17485d8bcc","2019-08-19"
"63d531aa2b4a4d6","2019-11-12"
"7495dc005035068","2019-10-23"
"95c5972e9375987","2019-11-13"
"6df77d72e5e6e0a","2019-08-22"
"0793555900c09f3","2019-12-06"
"0793555900c09f3","2019-10-23"
"f36e1accbdf4730","2019-09-20"
"1cd3710db309c2b","2019-11-21"
"2f281ee8441824d","2019-08-29"
"247d63a3722585f","2019-12-02"
"300f833d85682be","2019-11-26"
"c477541561e7eb7","2019-08-21"
"dafadc12d2ea319","2019-09-17"
"f905f197c65171c","2019-08-01"
"c71dabbda39e072","2019-08-14"
"44c1a27af4f6018","2019-08-08"
"925b435e7a8df5c","2019-09-09"
"ac025f0f8b435aa","2019-10-15"
"b167e7a37523521","2019-07-17"
"9d320c4227fbac1","2019-11-05"
"4c58d164503875f","2019-10-23"
"46aa18c2185aa8a","2019-11-11"
"42fe96d2778c455","2019-10-22"
"d98f94d89982a88","2019-07-08"
"dbb9160b1991802","2019-09-03"
"f49c18a502f9710","2019-07-09"
"7a5e645c7481d65","2019-11-14"
"ac6468f87f74c04","2019-12-31"
"d1027c0c122a49b","2019-10-21"
"17c166f2e9bcdb3","2019-10-03"
"7e9acc9a9837bfc","2019-12-06"
"cd417506675d835","2019-11-22"
"6060e3f1cf58427","2019-07-29"
"5f4df287496eff8","2019-07-19"
"a5071356892013a","2019-07-31"
"222cc0ebbb96c12","2019-11-07"
"b5eaa62fa5ab532","2019-11-15"
"bfaa35b269743c7","2019-09-27"
"6bb26e236c80956","2019-08-29"
"11b2248e6264e5c","2019-07-18"
"4849faefe45636d","2019-09-11"
"54e01cea48a7368","2019-09-24"
"3a0ce05de881206","2019-11-05"
"bcef86c2d6d35c8","2019-10-31"
"eca070cb6f82f98","2019-12-23"
"877f3f5f215ede1","2019-10-29"
"16eb77da0d04f9f","2019-10-28"
"0236939fac837be","2019-09-27"
"0876d6238c7e99d","2019-10-11"
"1d3eae902c132b4","2019-08-27"
"975fad2b778a7f1","2019-08-15"
"2b73c1e79cb2878","2019-09-06"
"2e102e551e452fa","2019-10-08"
"548078e230114b4","2019-12-12"
"ec78d39b0c810fd","2019-12-17"
"db3a1d7180959a6","2019-12-18"
"560553d0f7f2dbd","2019-11-21"
"c421e8987482cf4","2019-09-15"
"c7112082b08b29c","2019-11-19"
"3ec09f118a13852","2019-09-25"
"43564ddf38da299","2019-10-09"
"500851fb13cbcbc","2019-08-22"
"75d3bb446ae75f6","2019-10-08"
"9fefcc1f16da0e9","2019-09-27"
"b26938c83f0eb0b","2019-11-13"
"72cdd156f245668","2019-12-27"
"280e59c72ece464","2019-08-09"
"81251dcb52da442","2019-12-16"
".94d76345eba29f7","2019-12-31"
"b82dfbc61dc9830","2019-10-19"
"7ff06bd39363b2d","2019-08-19"
"bbc2222f3b295e2","2019-10-16"
"dae0051f01e8cfb","2019-11-11"
"dae0629a7070f78","2019-10-25"
".6bfaee74dfdf82a","2019-12-04"
"bd2fd3972083856","2019-11-08"
"fdd663d09585ec5","2019-07-31"
"a66d42b5df96876","2019-07-22"
"98baba86213b5ea","2019-07-17"
"a0ff5c4f69d1897","2019-07-18"
"4dbd47d422b0c56","2019-09-26"
"4dbd47d422b0c56","2019-08-07"
"7307b7846b5df64","2019-10-25"
"d99e09a3ee3a511","2019-08-28"
"f76214e4a38d51d","2019-07-12"
"f6e2df9db8dc038","2019-10-22"
"58a4ef8fc73d1d5","2019-12-03"
"5ecba7af766ff72","2019-08-20"
"567dc387e084640","2019-08-12"
"3a35e4e8f85057a","2019-07-26"
"878161e641a9589","2019-11-18"
"4c775b76f6ca2f3","2019-07-26"
"2a5bd6a1bea997b","2019-08-19"
"27dfae096f2193b","2019-09-11"
"30eb3f30a4c53ef","2019-07-10"
"f8a582ec8fb6d2e","2019-11-20"
"d589bc9608ce10c","2019-11-01"
"e09b40c887308f9","2019-12-31"
"cf13782e2fade50","2019-12-10"
"e21e695e679c087","2019-09-24"
"8df14878d4e0b3a","2019-11-15"
"cb35139ce4d824c","2019-12-12"
"cb35139ce4d824c","2019-07-30"
"c9b92612a4c325e","2019-08-23"
"2b722fa7086a5a5","2019-07-25"
"ef3d6564e79393b","2019-12-04"
"4b8caa60455762f","2019-12-05"
"593d76951d67f99","2019-09-23"
"5f1629ec5e315b7","2019-12-05"
"89281db7b925fbf","2019-08-19"
"5962c0fff148cf7","2019-08-23"
"165d2d6eedb7838","2019-12-27"
"4b3b15a3e811d94","2019-12-11"
"e2b9224d9edae07","2019-09-18"
"e45bb9e8aee59d8","2019-10-26"
"dec55b8f6e1d51d","2019-11-06"
"294f3a24b6e29f1","2019-11-21"
"abdc25bf4e804a1","2019-07-25"
"d8ce592c50ceb69","2019-08-15"
"20300e829e501a5","2019-10-30"
"21088713644af23","2019-07-09"
"440d0e783168ba9","2019-12-10"
"6f4aec595cb8b06","2019-10-31"
"83f16a31a57a684","2019-07-23"
"1cd1053efc1137d","2019-08-20"
"8695a06d11eb41b","2019-11-26"
"b9f23beaa1bf740","2019-08-14"
"9e5ca96aeca8795","2019-12-19"
"d1ee16950f9e6a0","2019-07-24"
"a87f18f9259a321","2019-11-12"
"466f25af0b94c8e","2019-11-06"
"181fe9c95a4da22","2019-07-29"
"ff3f35de51c22a6","2019-09-16"
"cb91a97b516caab","2019-11-13"
"eb98bf65d93b64f","2019-09-19"
"8028b98df8067ff","2019-07-29"
"c1176e29c53e215","2019-08-02"
"79efbd02fc59152","2019-09-03"
"d9c195f94b81c08","2019-07-02"
"5b7b9de32ce89d8","2019-11-12"
"2003174bbcf6871","2019-07-02"
"0fa9bad9a2c6c77","2019-07-25"
"2aad84978b99529","2019-12-17"
"56375f2a77e4c41","2019-09-10"
"e91fd8477fa9171","2019-11-15"
"f885ffb15cba010","2019-09-30"
"081df8f07101942","2019-09-27"
"2d80d0a1765e3df","2019-08-21"
"b9fee0af63198de","2019-10-08"
"ea06c83316ef139","2019-11-13"
"676833109171425","2019-11-21"
"3307a44e1cddc5b","2019-11-12"
"436ac3d7459a96f","2019-07-31"
"501294935345491","2019-07-01"
"3f9cf41eaea95d4","2019-10-22"
"7c9c9b03653e40f","2019-11-14"
"a63903d078d0150","2019-11-05"
"2b0ce56ceac2d3b","2019-10-29"
"50e4167c4810fbb","2019-07-25"
"54c781c6a96cd9c","2019-08-05"
"54b3e9447d8dd13","2019-10-24"
"c8f7680bc0a7e45","2019-07-02"
"03c76203675025c","2019-11-07"
"0cf78285188d606","2019-11-15"
"02c8984b1670ca3","2019-11-22"
"fcbc4f1b3fcd242","2019-10-29"
"cfd6bc1eb4936a9","2019-09-30"
"e583ccdf403bc4a","2019-07-15"
"f308216cda3c95b","2019-11-05"
"bea7085bdfd9f73","2019-11-13"
"81ae58a313447ef","2019-08-19"
"94e1a75b907015c","2019-12-02"
"f76214e4a38d51d","2019-07-09"
"5adf3a9f00f0a67","2019-10-15"
"8ed73928a2b4196","2019-08-28"
"5dba331e3073e97","2019-10-16"
"afc2e0e23991acb","2019-08-26"
"48daabad648cb60","2019-09-25"
"5603685ed76a61a","2019-11-05"
"b319402d7391e31","2019-11-25"
"fa9a2c95fff28c9","2019-11-04"
"6d41cc27dce5757","2019-11-27"
"20686406e1debbb","2019-08-12"
"2eafc76a785b743","2019-11-08"
"43b7c811af2d265","2019-08-13"
"223e45d618c09cf","2019-07-10"
"223e45d618c09cf","2019-11-06"
"7504e3c7ad10ccb","2019-12-10"
"8fe73d9ac600b28","2019-08-14"
"d589bc9608ce10c","2019-11-05"
"e2ec031ebee438e","2019-09-03"
"85b0b42ad7913fc","2019-08-29"
"f678cf85a91a82d","2019-09-11"
"c90745cdb652d70","2019-09-18"
"e56191ccdcc5abb","2019-11-15"
"b074cc9983f4771","2019-09-16"
"1a18bdc92a4b50c","2019-08-06"
"ab55e81df4c79aa","2019-10-24"
"67cbb4e313841a3","2019-07-17"
"cd62b8ed2c69127","2019-11-25"
"8308cc75d12555e","2019-12-02"
"aae52ae7eed041f","2019-11-19"
"4bcc287e5cb9b29","2019-08-22"
"7f62ecaee1dbeee","2019-11-14"
"8d37a1257e61307","2019-10-03"
"32139ff232e40f7","2019-09-18"
"3505b0a77661daf","2019-09-20"
"262596c97212b56","2019-10-15"
"e662086831350b8","2019-10-24"
"880e96cea9a37d9","2019-10-07"
"e07bb033a296c24","2019-12-19"
"f57d9d7f1a45879","2019-12-09"
"04f702fb2fce1bd","2019-10-20"
"481b1f12955d64a","2019-07-23"
"60968e40d96b334","2019-09-18"
"b837e575b90b3f8","2019-08-13"
"be9aee23c17374b","2019-08-26"
"dafadc12d2ea319","2019-12-30"
"a1a1f2316cd2f79","2019-09-26"
"b71f74d30750a82","2019-10-30"
"440d0e783168ba9","2019-07-03"
"48bcc4b1de2f093","2019-12-06"
"8695a06d11eb41b","2019-09-16"
"428dbdc7cb3fd7f","2019-10-22"
"cd1052bf16bd523","2019-10-24"
"f579a7c0190cd70","2019-10-31"
"f753d318752e77d","2019-07-17"
"ae3badee79587b8","2019-08-28"
"c2f321b7420ebd7","2019-11-25"
"2ead027706b4966","2019-11-22"
"db5381f7c644f3f","2019-09-24"
"0a1becaceab2529","2019-08-20"
"7d062a066ac45b1","2019-11-26"
"e6310b9bd056105","2019-10-18"
"eb89c766e1507bc","2019-08-05"
"7916bcbcc550e58","2019-10-29"
"989119f8cae728e","2019-09-26"
"9dd2ef8c4f61f9c","2019-07-04"
"35d101ae0d78625","2019-12-19"
"648d089a7fc36f5","2019-07-17"
"3c1d4840ae231d6","2019-08-20"
"107684b23a26cf7","2019-08-22"
"107684b23a26cf7","2019-10-10"
"1ecda9d6d03e467","2019-11-05"
"fbb7198fbe0e3a4","2019-09-11"
"7830f15f029d7c9","2019-09-25"
"a49292a8f18970c","2019-08-12"
"f361e5022791812","2019-11-26"
"01376de0153f680","2019-08-29"
"5cc6b8f063055a6","2019-09-09"
"67187d446234f0c","2019-11-18"
"ce04c3d6b29fbf8","2019-10-29"
"0fa2b23c7764048","2019-08-01"
"11d0775a220b7ce","2019-07-11"
"253ac8b9be1f7de","2019-09-23"
"52867ac0d784b35","2019-09-13"
"c8e7359158c8dd9","2019-09-07"
"608c213dead9597","2019-11-16"
"0ff752a721b797c","2019-08-21"
"798a91619bcf284","2019-09-24"
"21ad88acfeb6035","2019-11-27"
"ed4f5c4b7091ca6","2019-11-15"
"523ff998160bfc3","2019-11-01"
"10649e140b50ca1","2019-07-29"
"143e04139ac5836","2019-07-17"
"ec33de462d0e256","2019-10-02"
"ce32d009a940a8b","2019-07-22"
"c04bd1d6ce55ad2","2019-07-24"
"d499b105e409076","2019-09-09"
"b26938c83f0eb0b","2019-07-09"
"501294935345491","2019-10-17"
"5058f1a026305aa","2019-12-09"
"a6c11162fbf6238","2019-09-09"
"7cc3c5728b04efb","2019-12-19"
"1244b6831298ab3","2019-11-05"
"1a2e3ceab53b960","2019-08-12"
"1d81db0d00481d7","2019-07-24"
"6755134b7b00b1b","2019-10-24"
"40ed03f00b5c1b1","2019-11-01"
"4af54d46c4811dc","2019-08-05"
"5005ccf76462ded","2019-11-28"
"bef00b6e7e3d3e4","2019-09-19"
"c60aeb5311ed758","2019-08-27"
"f225aa1857b872e","2019-11-25"
"3605aeef5a7e0af","2019-07-29"
"51572f19cda1b4e","2019-08-29"
"5a8a18c84d8ad1a","2019-10-10"
"57b4c54af790c01","2019-11-20"
"c837cf1da8ce991","2019-10-23"
"0f0d6208c956377","2019-08-09"
"801b2044efc145b","2019-11-18"
"00736a0a8bbccf9","2019-12-13"
"bb1ab5709186071","2019-12-23"
"a3a3f3262c7cde0","2019-09-03"
"ae5dddd5fcad34b","2019-10-18"
"dcc6732f73998e0","2019-09-26"
"ae364a7d267aec1","2019-08-07"
"7307b7846b5df64","2019-12-02"
"dd20396359d4918","2019-10-23"
"f76214e4a38d51d","2019-09-25"
"c2c1d2c062e79be","2019-09-20"
"e01c42d50da580b","2019-08-07"
"fcd5b96751dbd3e","2019-07-17"
"6ea07541fd81b86","2019-08-09"
"6ea07541fd81b86","2019-07-22"
"49ba95db4fdff64","2019-07-09"
"50684f20155a4fc","2019-09-18"
"a3f534653feadb7","2019-10-10"
"76d0be42f701199","2019-10-29"
"cfd5f1797052019","2019-08-07"
"0025ee5ab018ac6","2019-10-29"
"2cb1f7ddcd96626","2019-11-13"
"3c5ed12f37b60a0","2019-08-05"
"28efc8a28dbecec","2019-09-12"
"223e45d618c09cf","2019-09-20"
"7c9c5a1618152ea","2019-11-07"
"fcff9d6b8df696d","2019-09-27"
"d25159da42ad710","2019-10-16"
"ac6066e30673bee","2019-08-01"
"61e0eda7985f4c6","2019-09-26"
"05d7499a90a0e48","2019-07-08"
"0131878f1764faf","2019-12-19"
"f8ba1483b07c801","2019-08-08"
"17c64ab33c0df34","2019-10-29"
"501cc6e5e1d7e92","2019-07-01"
"57aa4bf5603fd90","2019-07-10"
"19b1a0791451021","2019-10-15"
"6d1da03b9454c6e","2019-09-04"
"c571d76756b74aa","2019-12-16"
"f69b587baa32a3e","2019-10-09"
"93dcf6cd4fd254f","2019-11-18"
"f6b607079e8b2c7","2019-08-27"
"1acfb268dc4c0ae","2019-10-28"
"8dbd3d9c833a780","2019-12-09"
"6445108c600733b","2019-10-21"
"060474164d38ba0","2019-10-30"
"2a65f8f615789aa","2019-09-10"
"29463f92e409f0d","2019-09-18"
"23cb81dd9a8c952","2019-07-19"
"342667ecc8e0b51","2019-11-29"
"5e9f5db50b5667d","2019-12-30"
"5e0aa2119e79c00","2019-12-14"
"b7d3a15d96727f9","2019-08-13"
"9be15e75e5480f0","2019-12-05"
"bf091e382926620","2019-12-11"
"44c1a27af4f6018","2019-12-11"
"286d30cbc98dba8","2019-11-26"
"a968d3f613e7dd6","2019-07-11"
"a167c490d86aff9","2019-12-02"
"b3ab2490ed5d150","2019-12-24"
"b3ab2490ed5d150","2019-10-18"
"2e4948d30e21e81","2019-08-28"
"8ad090cffe961f1","2019-08-30"
"b1d9d3abefdf75c","2019-12-17"
"ae3badee79587b8","2019-11-13"
"b3052969a8cfe7e","2019-07-23"
"4c1dd2280693084","2019-12-04"
"a2901cb070caa49","2019-07-17"
"186b8d2b83d41b9","2019-12-06"
"ac5497ffe1f77e1","2019-11-26"
"cddd68bbb8d93ce","2019-12-18"
"cd550de7c384fb4","2019-09-10"
"7171c3bd2e8deca","2019-07-03"
"a5071356892013a","2019-11-01"
"cf1a60b0039e4b7","2019-09-05"
"f46c433159ae474","2019-09-24"
"0e1fb33ef50fd96","2019-12-16"
"0fcbc92183a74ab","2019-09-05"
"b42a5767fb92588","2019-11-12"
"e0285ce710ba696","2019-07-19"
"ffb660e9d735447","2019-09-24"
"054b6e367746938","2019-10-24"
"2382ad5435b7ff4","2019-08-27"
"2f09bcd641b436b","2019-10-23"
"c433b0f33207eb3","2019-09-18"
"b9fee0af63198de","2019-11-18"
"31a189fad404afb","2019-12-04"
"c4211865c4b8922","2019-08-30"
"e852216995a9fc9","2019-07-10"
"8237b95baeed6d6","2019-08-22"
"1c7e1be60bcd306","2019-10-16"
"7404a52b29ebbec","2019-08-06"
"fe5b914b279f67b","2019-09-03"
"86bdd4cad80c7a1","2019-11-08"
"89089bc3e123812","2019-08-01"
"01cc3383a530890","2019-12-30"
"240467e12df9e1f","2019-10-11"
"6b168570a6639a8","2019-09-24"
"3c5265a4ba6c8f1","2019-08-15"
"2908dac3c434afa","2019-08-26"
"65406a9253d1642","2019-11-11"
"d2e30702be46470","2019-09-06"
"f17a2ebc9b37e8d","2019-12-03"
"1385c5a00c07f06","2019-08-22"
"4715e0aebadc332","2019-10-21"
"7a7823e5ca645ec","2019-07-08"
"5256dc86608c3d5","2019-08-22"
"5256dc86608c3d5","2019-12-18"
"848f868eeba79d4","2019-12-20"
"3ab2a570ec0304e","2019-10-17"
"d2bc9dac5c8f681","2019-09-25"
"4dbd47d422b0c56","2019-08-24"
"d82a8cbb9367cb3","2019-10-18"
"ff4c515629321f2","2019-07-09"
"c65a193d9f4a5e8","2019-07-30"
"56f18de083e77a9","2019-09-24"
"5856f3dea9c76cc","2019-09-19"
"9d4a2af47fe2f67","2019-09-25"
"a10cc20e29743c1","2019-09-07"
"4c676a6a10b35a0","2019-08-06"
"387f673d715a39d","2019-08-15"
"af9682d336d651e","2019-10-17"
"cd77fdfbb15b437","2019-10-25"
"70cf0469560e267","2019-11-20"
"5a387d7a09c36e0","2019-12-05"
"5a387d7a09c36e0","2019-08-23"
"2d89d3f62dcbf9d","2019-11-15"
"4479bcb0e73bf63","2019-07-09"
"e8f6c6a027acd1c","2019-11-05"
"97b11762f508b54","2019-09-04"
"e953541428a76ce","2019-10-15"
"0ac416f72a8b5bf","2019-08-07"
"8eb1d83c59f88a3","2019-10-15"
"4e6ba7e3cb65e61","2019-10-18"
"f14da4e356109d7","2019-08-07"
"ad616c9a01e1989","2019-10-31"
"9000afa9fdf6363","2019-11-01"
"0793555900c09f3","2019-10-11"
"21b6fae8f39a208","2019-09-27"
"3d6eb3dc726daea","2019-11-11"
"f04533b314c80a4","2019-09-05"
"f7775547f4ab123","2019-11-11"
"b9c1cbe52fdadde","2019-07-09"
"fdf7bb42e94cace","2019-11-22"
"f2767be69c85d68","2019-08-12"
"49f6d4cebad7b26","2019-11-11"
"4d564f585fe8744","2019-08-20"
"70fe856eb67cf1b","2019-08-08"
"a100597209ca61e","2019-10-28"
"a63f3d860bd6494","2019-12-23"
"01d0469de8a5dcf","2019-08-15"
"bd9350c04537e3f","2019-09-25"
"ca709c9aa4864c8","2019-09-17"
"d4ecbf8c083b1c5","2019-07-25"
"dccf42fffff7246","2019-11-01"
"58f85581a54ae5d","2019-09-30"
"ab0d349d478d0f7","2019-09-12"
"9d320c4227fbac1","2019-10-10"
"109231342635673","2019-11-08"
"d1ee16950f9e6a0","2019-08-12"
"dd67d874d0bbd4c","2019-08-02"
"f0b690106293d72","2019-09-12"
"1dfd8ded2f2fa40","2019-10-10"
"22a2435203cb7c4","2019-11-22"
"047a58a20c20354","2019-08-15"
"0ff4163b2e5473e","2019-12-09"
"762d45de7e16480","2019-08-20"
"264ac434de4719c","2019-09-26"
"53f3ef6394b5c37","2019-07-29"
"3bcad2059f1a63a","2019-12-11"
"14e8dda53ba398b","2019-09-29"
"8ba3edd780f8949","2019-08-29"
"5b7b9de32ce89d8","2019-09-16"
"a9c88ec5e101803","2019-07-22"
"d445ac138a0454c","2019-11-23"
"0d79522c4df9dd3","2019-10-22"
"bbd6ff9d314b9cc","2019-11-25"
"d109b9cacad9a8d","2019-11-01"
"aef5cb5e5f99d7b","2019-10-31"
"c8a9338f0d40b5b","2019-10-09"
"a9c537671b64d86","2019-11-15"
"90b13f5369b05d9","2019-11-20"
"061e066b61cb44d","2019-08-13"
"f40ab9b9ba3ed1e","2019-07-12"
"f934b2cc5cfd601","2019-08-29"
"20bcbd0c29ec7d7","2019-07-25"
"a213a0aa44255f5","2019-12-06"
"f434068a5c42cda","2019-10-22"
"0e5425ecc54df8e","2019-08-21"
"16fcc60f1012617","2019-09-30"
"975fad2b778a7f1","2019-08-30"
"436ac3d7459a96f","2019-07-25"
"e71df0cc70a80d5","2019-12-31"
"abfb4cce569676d","2019-10-29"
"b1b512e5d90c389","2019-11-07"
"6e6790517bd1468","2019-09-10"
"705acea048b77ea","2019-10-08"
"756d46b8910d605","2019-11-25"
"8ccaa4cf23a8a92","2019-09-11"
"a8a25aa069f3933","2019-12-30"
"b56009c3d369c50","2019-10-24"
"c8fc4e9e9ca4f97","2019-12-23"
"d63d61ac6631336","2019-07-09"
"740f6f5c036f754","2019-10-30"
"f35f4492741f3f8","2019-12-30"
"68fddb12cf53f03","2019-08-07"
"6c1bad67996c9fe","2019-12-02"
"92175d9663ff5b0","2019-08-02"
"8d3a8e79ef586dc","2019-09-24"
"43e364923ed5ea8","2019-10-28"
"bd95426b5c58e6a","2019-09-06"
"4dbd47d422b0c56","2019-07-16"
"7a1f33e02c9f4af","2019-08-19"
"7ee6f95f185317c","2019-07-24"
"8a257b5193c1f8b","2019-09-16"
"e778994440b2038","2019-11-11"
"ef5beeeb756b83f","2019-12-30"
"aace5dbbfcb1db7","2019-11-14"
"6fde1ab2de5e47d","2019-08-12"
"75e61466d53139f","2019-08-30"
"516a1b356da3d4b","2019-12-11"
"b42a8b0bc499c78","2019-11-22"
"b4e46ea683e783c","2019-10-17"
"6f5fbe2760c48a0","2019-08-08"
"944a25d56c45e41","2019-10-03"
"94f0bb457a3bfd5","2019-09-25"
"976722decb83c2a","2019-07-24"
"c6cdce887dbd854","2019-07-17"
"c9dad120700c4c2","2019-07-31"
"589bfc60a33fbf2","2019-08-08"
"35ba0962d3c4ca5","2019-09-18"
"435ffd49c8f1e98","2019-11-19"
"113eeb8ff5a94f9","2019-10-29"
"7e3e1ed3035c89d","2019-09-24"
"ff7d1045dafa7fd","2019-07-09"
"a6d263d9be371cc","2019-07-12"
"d41a10e37ad3ac4","2019-12-11"
"050df356e7ffa82","2019-08-07"
"980c78344ba0490","2019-08-05"
"99ebad9a1317b53","2019-12-16"
"a0cacb491496c75","2019-07-10"
"a9fdb71c59dc0ee","2019-10-10"
"5ab3ef794abe753","2019-08-14"
"b243363c6d7db06","2019-10-15"
"fa14c5b64d44958","2019-10-03"
"6733a6f814b9259","2019-08-21"
"3601f1e74af6bec","2019-11-27"
"1fc2be4a2f9f358","2019-11-15"
"66869f3778e2a0b","2019-10-09"
"831775f14a2f6be","2019-08-12"
"165d2d6eedb7838","2019-07-08"
"1a94f82ddb60803","2019-07-30"
"f01299fc7cfcb75","2019-12-02"
"5fc3f0c8e3e9a2d","2019-07-04"
"5b9126599e4a94d","2019-11-05"
"8adaa44f491dee6","2019-11-19"
"b3ab2490ed5d150","2019-09-10"
"1e8d7f0d169ca06","2019-11-19"
"4aff89aed1bd3f3","2019-11-06"
"b94245fd358a051","2019-11-20"
"fa2a48ac25d0591","2019-09-17"
"437dea702197e16","2019-10-31"
"154e95d08b53b4e","2019-09-03"
"0179a1affca252b","2019-08-02"
"feb5a1ff04953d2","2019-07-18"
"d8914d48f0df870","2019-07-23"
"9fb493cbbe3a7ba","2019-07-10"
"221ff2db4ddea03","2019-12-11"
"2cb546e070e7011","2019-08-02"
"42fb78518cc0699","2019-08-15"
"5fe8db77d4d9df5","2019-08-14"
"dcae46504e14c03","2019-07-08"
"86715559520ba57","2019-12-04"
"12a21a037360a06","2019-10-08"
"1fc141d7d21169a","2019-08-19"
"055fef3a6c54afe","2019-08-26"
"1dea96edd6d1801","2019-09-05"
"cb048c7c08306d1","2019-09-24"
"f50b6cb3d339cc8","2019-10-10"
"1a0c4e0bb4b059b","2019-07-30"
"5afe44fe675f688","2019-08-06"
"54aaea325cea49f","2019-09-27"
"dde40245b6f9462","2019-09-10"
"cc28ee17db1d123","2019-10-28"
"dbcae542e00fe3e","2019-10-02"
"db3027904e92c62","2019-08-01"
"435157445c18e99","2019-09-10"
"83677752ec5551b","2019-09-12"
"19fe085abb1c9cf","2019-11-12"
"ac189f88b71b949","2019-10-31"
"42a0511ee3eb59e","2019-08-19"
"2ff38e496709019","2019-10-24"
"8844de5820142ec","2019-10-16"
"fa191347773f0ad","2019-10-09"
"5c0260980806511","2019-09-04"
"30fa920d827a199","2019-12-10"
"705acea048b77ea","2019-11-19"
"94f7a9f3baa1a75","2019-11-07"
"a3e9a7a546aefd3","2019-10-25"
"65ee4e8c099fe5b","2019-09-18"
"1a2e3ceab53b960","2019-12-05"
"24bdf66d93a3cf3","2019-10-15"
"95274815f8363ee","2019-11-13"
"a3630e8393988c8","2019-12-13"
"ba32b925b90134f","2019-09-06"
"5ba2f1f5a108fe9","2019-10-09"
"54b3e9447d8dd13","2019-08-20"
"7eafd3ff262cefa","2019-12-05"
"c21af43a423e0db","2019-12-18"
"c574c317b8b5232","2019-09-19"
"0f4f72238878006","2019-09-30"
"b9aee9f9bbd2591","2019-10-23"
"a08a242aa1271e6","2019-09-04"
"abccb8880fad587","2019-08-15"
"0f157ea0a02f0e6","2019-07-16"
"30ce2426bf98afb","2019-09-05"
"62f63638fd3231d","2019-10-16"
"4dbd47d422b0c56","2019-08-09"
"7307b7846b5df64","2019-10-16"
"384e4abf2d29395","2019-11-13"
"4e88306365d5a9b","2019-11-07"
"941e1c7da3dd132","2019-07-01"
"b10f4c942369e26","2019-10-22"
"1a2dfdf12b49052","2019-07-02"
"abd61ed76884eea","2019-08-28"
"636e6b266f64706","2019-12-06"
"f1767f27db0af68","2019-09-25"
"434ac308b635ffe","2019-09-12"
"c4003386e646759","2019-11-25"
"fac849132137d6e","2019-10-24"
"596e88d1378c027","2019-07-24"
"0fc21cec20cc105","2019-08-16"
"223e45d618c09cf","2019-09-25"
"f58f19b4d7d885c","2019-10-23"
"394375f25fa018e","2019-09-10"
"612dac99387c9cc","2019-08-14"
"6ba97ca3cdb4460","2019-09-18"
"8c14d1aa87c3f74","2019-10-24"
"ed31756db55290a","2019-09-06"
"ff75f83a80d25dd","2019-08-08"
"6171fd87baf0b38","2019-11-05"
"9c5c75c1c1807f9","2019-08-15"
"c554af601c0af76","2019-12-12"
"e4265367eb45262","2019-10-29"
"702d472477fda9c","2019-12-20"
"7234fae757b856c","2019-07-16"
"0793555900c09f3","2019-10-03"
"0793555900c09f3","2019-08-02"
"0793555900c09f3","2019-10-31"
"59e7e9fece2f91d","2019-12-09"
"ade5e47aeb2450f","2019-12-18"
"2378d2ee16e13a9","2019-12-10"
"5e0aa2119e79c00","2019-07-19"
"7aac816fa6a5b6e","2019-07-04"
"25b8825843a259a","2019-10-07"
"310b7c63b65005d","2019-12-03"
"5971f3d6735dd2f","2019-10-25"
"12c67c69cd376fe","2019-12-09"
"af12bf613f7c8e7","2019-08-07"
"f6478de93eb14b7","2019-10-18"
"f49c18a502f9710","2019-08-13"
"471657539105034","2019-08-31"
"9f7b46667771308","2019-11-05"
"36d35dad63e5853","2019-12-18"
"74320d34dc634e0","2019-09-20"
"8ada5fdaf858f67","2019-10-16"
"9c2d35e1109be9d","2019-10-04"
"a9f0c5f7eab16ce","2019-11-04"
"cd417506675d835","2019-11-14"
"681fc6dcea43c8e","2019-11-14"
"fc53697bd9f3ef3","2019-09-13"
"7be6abde2c093da","2019-12-02"
"7be6abde2c093da","2019-10-10"
"eed521091152811","2019-09-04"
"fdca128ca51d353","2019-09-19"
"1cec1b9a0d53aa4","2019-11-18"
"af82dc9a5d84d85","2019-08-22"
"b9de808e65b89d9","2019-12-03"
"f1749b4eb211de7","2019-10-24"
"099cdb3b89f576f","2019-10-24"
"2e8a421a0a07b22","2019-07-19"
"428e346a1f4bcb3","2019-09-30"
"20af410237bd4f5","2019-12-03"
"7f3ca7c2349b229","2019-10-15"
"f860558561a2d6a","2019-08-09"
"05c87699a3fa802","2019-12-10"
"6a01d54015d97e9","2019-09-23"
".d582e4098ab3199","2019-10-21"
"dbd32a0f8fc9c9a","2019-09-19"
"a0e176b3bcd0579","2019-12-11"
"d413685c026845a","2019-07-17"
"0482376b5a269fb","2019-10-18"
"69935d62a1b0e3c","2019-08-08"
"b1d090f5f3465ea","2019-08-20"
"0150fec7ed3a228","2019-11-19"
"01c490a4ba5a886","2019-07-10"
"6846d7352ff2297","2019-08-06"
"8e7888b426a4af3","2019-12-09"
"a6ef185eaf0af22","2019-12-06"
"9a21fef7838a48e","2019-11-18"
"c8fc4e9e9ca4f97","2019-08-26"
"0f745eda5c91404","2019-10-11"
"38fe85cf425fd8e","2019-11-05"
"4cd5ad9ef458e14","2019-12-16"
"51e2c3636aad392","2019-09-24"
"92be49ce48c4430","2019-11-07"
"9b8b001aae68dec","2019-09-04"
"a661c44756685d5","2019-07-15"
"ad34334cba72c0f","2019-11-26"
"016076ccb88e49d","2019-09-05"
"a3630e8393988c8","2019-10-18"
"bf7d48e19156457","2019-10-07"
"46afd443145b0db","2019-10-02"
"606980735c5cbc8","2019-10-03"
"70b0c6cd29c899a","2019-09-13"
"77a9395d4bb0498","2019-11-11"
"bab1a85ed75f8dc","2019-07-29"
"54b3e9447d8dd13","2019-10-21"
"ef7c23bb06d1f42","2019-09-10"
"e42f03def7320e5","2019-08-02"
"fc11891c5266644","2019-11-01"
"39faf486411159c","2019-11-11"
"4dbd47d422b0c56","2019-12-10"
"744a07a4a7169fa","2019-10-18"
"d58cf47f7613b5c","2019-12-06"
"b4f11a3ab6de4a9","2019-09-12"
"ae15d205119165d.fa2f51c636ba354","2019-10-22"
"51d15e4ee4e4703","2019-08-09"
"6d5e90f09a5e92d","2019-09-12"
"714cebc61cdb06c","2019-08-08"
"4b7d1fff51aba5a","2019-12-17"
"bdb89c6ac66554f","2019-12-24"
"f315789d1865dcc","2019-08-03"
"fc07edf7795aded","2019-09-18"
"c35f78438515ea2","2019-10-03"
"8bab4332e56301a","2019-11-12"
"c3fc87839f06311","2019-07-19"
"31f38c0c7962ae1","2019-09-17"
"33f3417390c0571","2019-08-20"
"240001a25f6bf84","2019-11-14"
"01e708f3c8b7556","2019-10-31"
"44bd689cb1c1d03","2019-09-06"
"f3d5e8aa4aec8d0","2019-07-24"
"027e5f116ef97e6","2019-08-09"
"0e3663e5a8a20df","2019-10-16"
"6d37766a397f181","2019-08-28"
"92a86056ca4497a","2019-07-16"
"8d6e1e325e9862f","2019-12-26"
"d289f8c8e0cb7a7","2019-11-01"
"2028b1a1030c049","2019-08-22"
"921dabe84d0c995","2019-07-17"
"a46f2a5878b0116","2019-09-04"
"f54484a2e1e3ccf","2019-07-25"
"c1877b04605b4fa","2019-11-22"
"4937c5e521e9c41","2019-09-09"
"4da709d866a948a","2019-12-16"
"76ef6a7c94c83e1","2019-11-05"
"d80984680f2b7db","2019-07-11"
"6a81cf28c9a02f7","2019-11-18"
"4991d7e44abd7f4","2019-12-23"
"d0d46722e11397f","2019-07-17"
"bd7961f01996034","2019-12-12"
"eed955fd31306fa","2019-09-18"
"23a6cea768c86cf","2019-08-13"
"d02b16499b3b5ca","2019-12-12"
"4b70b6becf52b9a","2019-09-25"
"28272b46fd91914","2019-11-13"
"44d91d215bdc848","2019-07-29"
"7a5e645c7481d65","2019-11-08"
"ed5be43f2b52fa6","2019-07-03"
"0c1da1941af4190","2019-10-08"
"b9cb6c7f8a12cf2","2019-09-16"
"7e9acc9a9837bfc","2019-12-12"
"6cbe3bd1ed023dd","2019-07-29"
"8ef5b5f017600a0","2019-09-18"
"530a99d3bd1c08d","2019-08-09"
"7830f15f029d7c9","2019-11-01"
"4792799c0ebef90","2019-10-29"
"57e0e0d85b82ff1","2019-07-30"
"ff67e8caf5d25d5","2019-10-16"
"c564455a015e6a5","2019-10-02"
"d7ff9fe0f188420","2019-10-29"
"08d72d8573524db","2019-07-19"
"0e1fb33ef50fd96","2019-11-07"
"ad51edf46a168bb","2019-08-20"
"907703138e6c868","2019-12-31"
"e51545aeab7c4dd","2019-07-16"
"0ed81e47d88a92a","2019-11-22"
"0681ace1c30fa73","2019-08-19"
"46f3ed01dad90bf","2019-07-22"
"592e81617c63f27","2019-10-04"
"02e4496f11cc5ce","2019-10-10"
"177f1604f0e56a4","2019-07-18"
"9e5e3cd8a33bdb6","2019-09-18"
"9b8b001aae68dec","2019-09-27"
"705acea048b77ea","2019-07-31"
"8e9fb86f35375d6","2019-08-27"
"794c29c9194b1fc","2019-11-11"
"aabdb0af8300b14","2019-09-27"
"e4bfef365cfc58a","2019-08-20"
"f49ff63b2abc00f","2019-08-07"
"bec2b0bc7e96326","2019-08-23"
"c4fbec8bd4430c5","2019-10-22"
"ca8f58d946284c9","2019-12-06"
"571596e28f8104d","2019-11-05"
"69243681310b9ef","2019-07-25"
"d9ca0c4dcf7bfcd","2019-12-10"
"e22cc5efd0d5f6a","2019-10-22"
"c01fc078e2d4fa1","2019-09-23"
"0cb825e0fef3f9d","2019-09-19"
"ee0d2c8757d31fe","2019-07-31"
"d0457722944d099","2019-07-25"
"d4f1316208fcab3","2019-11-12"
"d97714f6586632b","2019-12-31"
"91f99c450cd76cf","2019-10-11"
"9a3677ab7c7a906","2019-12-09"
"a042d072ec257fa","2019-10-24"
"67bc069df76b723","2019-07-23"
"03ed930ed9efe8a","2019-10-28"
"9315ab147d7e43a","2019-09-23"
"cfd08a6e40eaaa5","2019-12-04"
"903a9af6838fcb5","2019-11-15"
"a7dc6563c8eacb7","2019-12-07"
"4da60703cfa8953","2019-12-10"
"362910baf758790","2019-08-08"
"51d15e4ee4e4703","2019-08-15"
"49182a6fdc8b653","2019-07-31"
"4ab3249bcfa5929","2019-08-29"
"da082974192809a","2019-07-23"
"c6322c4dffce3a7","2019-11-15"
"28cfffddd4f0892","2019-07-24"
"3274d96f275c9aa","2019-12-05"
"05d7fa5aa84c693","2019-09-03"
"32667da5f7187c5","2019-11-05"
"0cc10cb80533ca1","2019-07-17"
"432e94e0cdf5864","2019-10-22"
"ffe3d22c9561422","2019-12-10"
"f1edbeddc9be075","2019-07-02"
"f58f19b4d7d885c","2019-10-29"
"8236421479bfcb3","2019-07-09"
"d148eabeee49cec","2019-12-05"
"c903fa5b46dcdc2","2019-07-17"
"7ee546524ab7a00","2019-07-09"
"94b24b3aa6f5a97","2019-12-09"
"5b10d6fe1c2524a","2019-09-19"
"6ba5a8e5301fa38","2019-10-30"
"c6c25f08a26d3a5","2019-11-14"
"b6af32e2db033e8","2019-11-08"
"ec2b655a800d236","2019-09-27"
"df5c8465adea0a9","2019-10-31"
"8320076efb0dce5","2019-11-20"
"0793555900c09f3","2019-08-12"
"33eeaa24ee25b2b","2019-10-17"
"880e96cea9a37d9","2019-09-30"
"0ad1083ce28bf3d","2019-09-30"
"30dba9d8bfd2df5","2019-07-20"
"51c733887284235","2019-07-10"
"73cab4549aacebe","2019-11-26"
"2a463c88f14a690","2019-11-22"
"8e3c45222548581","2019-07-31"
"9d320c4227fbac1","2019-11-06"
"9d320c4227fbac1","2019-07-12"
"205b62475110363","2019-07-25"
"20bd849668295e1","2019-08-14"
"ab809ce6d89d79c","2019-09-24"
"3ea575fc19738ad","2019-10-08"
"22a2435203cb7c4","2019-07-29"
"cf997c8c53e2182","2019-11-15"
"d8cbb2c0ec06300","2019-11-19"
"8dd621a2091a922","2019-08-06"
"35d101ae0d78625","2019-09-23"
"62b40b7c7c3f9ca","2019-11-04"
"dcc56cc3e7bfc1d","2019-08-16"
"fb0e968d0e1faa6","2019-07-26"
"107684b23a26cf7","2019-08-06"
"10067b0a1171f89","2019-07-29"
"bff86eb2a5afb85","2019-12-30"
"06de28512fdb71d","2019-08-07"
"0ec78db2c7be600","2019-07-24"
"0ec78db2c7be600","2019-10-23"
"8973d31a2eee5ab","2019-08-14"
"e91fd8477fa9171","2019-07-18"
"6b8d41b9ffd2d14","2019-12-12"
"15d4db4ebf5778b","2019-11-01"
"a84553a2e45e82d","2019-12-02"
"83726f5f9bb6204","2019-11-20"
"2c87b749e78e4b5","2019-11-14"
"6df74d9fb710b70","2019-07-08"
"5badbbc037f1500","2019-10-16"
"16d5af890410229","2019-08-09"
"1b50ee947da7b0c","2019-11-06"
"e1d5cf7bbf57d81","2019-12-02"
"f22a2a48ef1c8ed","2019-07-18"
"c7bfb599324280b","2019-10-07"
"ebe9ee7d29f2130","2019-10-10"
"0394f480fbf5f50","2019-10-12"
"936ca28ea888e4d","2019-12-07"
"627c9aafb3d2ed4","2019-09-16"
"753ff0dbb9aa9a9","2019-11-21"
"8a5072ad8da61bf","2019-08-26"
"a5f054287b94412","2019-11-08"
"71fd43b6ecea0fe","2019-08-20"
"ea3a73279a01821","2019-12-02"
"fa451a0ab6809c6","2019-11-04"
"d826a3e6ba4996e","2019-12-12"
"15bed827315e969","2019-09-17"
"4c1088898abd4ba","2019-07-11"
"92fe5372ae359bc","2019-08-02"
"c985935a261c6e6","2019-09-26"
"ce2daaebbd2a329","2019-10-30"
"1ab5069769bc848","2019-07-02"
"b9aee9f9bbd2591","2019-10-24"
"98891794f19479d","2019-10-17"
"531262852cd7f07","2019-08-06"
"748f1f33bf5cf45","2019-10-15"
"d2460697ee56d51","2019-09-27"
"ee42dbec355fb78","2019-11-28"
"266b3fd249d6406","2019-12-26"
"714cebc61cdb06c","2019-12-19"
"39dcad08410ea67","2019-08-02"
"0400c6144ba079f","2019-08-13"
"1a2dfdf12b49052","2019-09-30"
"1b500b787cfeab8","2019-10-29"
"518377a60d22237","2019-12-04"
"bdb89c6ac66554f","2019-09-16"
"f2ee5e3ec0baee5","2019-11-12"
"4f8d40c299ce556","2019-09-24"
"eebd3697eb66328","2019-12-23"
"31f38c0c7962ae1","2019-09-08"
"43a3d3b285da0aa","2019-10-02"
"183a14871ca266e","2019-08-01"
"d078ccc09db5a66","2019-12-02"
"3b884f40149de46","2019-08-06"
"0faf81776a5066f","2019-08-09"
"027e5f116ef97e6","2019-09-24"
"c0c4aeed5ad7496","2019-10-07"
"97596643b5a9965","2019-11-18"
"97596643b5a9965","2019-07-08"
"a294519262a4a8a","2019-08-06"
"5fbd542ef8fbd84","2019-07-08"
"7e1070b15abc384","2019-11-18"
"acdc1243b7f1b43","2019-07-11"
"19c80e76a6981b2","2019-10-30"
"a9374f48cd5d4cc","2019-08-23"
"360df349999498e","2019-10-22"
"63d531aa2b4a4d6","2019-09-30"
"6abf18be827df9a","2019-09-03"
"a21e958000aa6ad","2019-09-27"
"64f8efda7bd98d0","2019-11-05"
"64f8efda7bd98d0","2019-11-18"
"6b903860895d5d7","2019-11-11"
"7517b1955e4f8ea","2019-08-28"
"26a4dff161c341c","2019-10-18"
"f905f197c65171c","2019-09-05"
"ccc8bb8681eb3c6","2019-07-11"
"e2b629bf9be664a","2019-08-14"
"be7903e7595b570","2019-07-16"
"32b454600d768d9","2019-12-10"
"549dea6aaeff77e","2019-11-11"
"205b62475110363","2019-11-08"
"4bfdd62ea6fb66a","2019-12-05"
"a7c1fbf136ca900","2019-09-20"
"4383b1cc4b03cbe","2019-08-26"
"47f497a5127a923","2019-10-28"
"415f3c55cff773d","2019-11-14"
"bcd5f28d661fb51","2019-08-13"
"e39e575b0cd6195","2019-08-12"
"6da884c29aa99b7","2019-11-22"
"ce358c0d0cfbb80","2019-08-23"
"c703a5115cba802","2019-11-01"
"2003174bbcf6871","2019-07-23"
"bf23818db7650f3","2019-12-09"
"097bdc6982370ec","2019-07-25"
"ccaf3d972048e5f","2019-07-18"
"8fba60db7cc5330","2019-07-25"
"a52afefb3c0a336","2019-07-30"
"071292ddb3a2715","2019-12-23"
"6c5c6b020f2696b","2019-10-10"
"7ad0d8afd63840d","2019-10-07"
"7a2a94a3af9ee72","2019-07-18"
"810f6166ae234c8","2019-07-04"
"ca3e37f99cf4fc6","2019-08-31"
"35b90753b6b41c4","2019-11-15"
"5c1e7f4329a211f","2019-10-16"
"e81f06e24690792","2019-07-22"
"eaed5c10a04f5e5","2019-10-07"
"6ec9f751892ef73","2019-07-11"
"cc2d6801506a423","2019-11-05"
"ea06c83316ef139","2019-11-25"
"e29abeb2fa2774c","2019-12-10"
"b1d090f5f3465ea","2019-09-14"
"5ed215f2fd9801c","2019-12-17"
"de6ebddfea89421","2019-09-27"
"07305428c24992d","2019-12-05"
"ab3ac84cb2a0ce7","2019-10-16"
"987f9b5c93139d2","2019-10-31"
"bdabda240bbf59b","2019-12-16"
"49bc592545f979a","2019-09-25"
"2a3311620801617","2019-11-26"
"9c2731324f4cf33","2019-07-22"
"a661c44756685d5","2019-07-12"
"50d0c5739f1c550","2019-08-21"
"6065a9d18245e39","2019-12-13"
"90bd5732ebeb30c","2019-10-07"
"9d60d85288c9842","2019-07-04"
"0d1f563f667dd9a","2019-11-05"
"953b7712468f3ca","2019-09-10"
"de989a909b6402d","2019-07-11"
"37a388c13cc3783","2019-12-18"
"4b84a0f50065ef2","2019-08-21"
"75e185cf20f868f","2019-12-20"
"ca35f8b5b9bc808","2019-10-24"
"eac4181c58f9c95","2019-09-26"
"eac4181c58f9c95","2019-08-27"
"be547c819c321ea","2019-09-17"
"98891794f19479d","2019-12-30"
"2dcace63897d23e","2019-10-23"
"9e753d56fa67a95","2019-09-10"
"7b0f9a4eb4a6df4","2019-11-09"
"833ca42da6677cc","2019-10-07"
"957609d2993e851","2019-10-22"
"a10cc20e29743c1","2019-09-09"
"4a8e284090a31ce","2019-10-29"
"3385c34e17753a0","2019-09-20"
"bb35f2026df16fa","2019-12-17"
"3473621a9b28eec","2019-07-26"
"535fc7969f8a57c","2019-07-17"
"f3556808cedf4aa","2019-10-31"
"38667b6832f49b9","2019-07-01"
"e943475f2443d7e","2019-08-29"
"d305d6dca87caa1","2019-07-12"
"3b062c12e8fdbaf","2019-08-15"
"55de80db5ab223c","2019-08-26"
"dcbea5b053f4617","2019-10-23"
"e05cd5051d030ac","2019-07-11"
"863bca109659755","2019-07-30"
"ccc3acdc2999d67","2019-12-03"
"9d7f9ff5c746f28","2019-12-05"
"a1e2d9a96c103d9","2019-12-02"
"b7f157308659d6c","2019-12-17"
"7e0cfffe66bcfbb","2019-07-19"
"ea375f0312e34fe","2019-09-23"
"787153ea479e38d","2019-10-29"
"0793555900c09f3","2019-09-23"
"2abba8e60007d3f","2019-11-01"
"1f03a9ccf7660c8","2019-08-30"
"2553d226fa9d39c","2019-09-25"
"2822cb610bcf7d2.cd5f19c104d8be3","2019-07-10"
"3462e84d54e53b8","2019-10-09"
"412c3b4f2f26a66","2019-08-12"
"284c5355c9fe9ea","2019-07-24"
"854118c47a232d2","2019-07-16"
"b8bfdc2393f709b","2019-10-31"
"4df7b1121cc01a7","2019-10-22"
"0937d87430f8553","2019-09-11"
"29efd889bc72829","2019-11-19"
"15fcf5bf63fdc0c","2019-10-31"
"9d320c4227fbac1","2019-10-22"
"55d09145cdcbd9e","2019-07-19"
"4dd08486196d6b7","2019-08-21"
"e7eaaf6a6ece2a3","2019-08-20"
"998f1d80ca376d6","2019-10-02"
"ccd2c28c30ccf7d","2019-08-15"
"fa2a48ac25d0591","2019-07-23"
"4383b1cc4b03cbe","2019-11-25"
"19dbc94f4d7b8f0","2019-11-14"
"0088e8e81fe790c","2019-11-28"
"0ff4163b2e5473e","2019-11-03"
"0749f104650700b","2019-12-03"
"0839af1cbfa3562","2019-11-22"
"ff3f35de51c22a6","2019-10-07"
"e82220b4cea9c87","2019-07-29"
"f3352749ff5f351","2019-08-23"
"ce8a5b0eaa4de20","2019-08-28"
"3ca4107cf64e33c","2019-11-20"
"cc047225ed2b12d","2019-07-09"
"0b3c2688916ecbd","2019-07-20"
"107684b23a26cf7","2019-08-07"
"d4a6dc9ad129131","2019-12-30"
"10582bfc58f2349","2019-12-03"
"8973d31a2eee5ab","2019-09-26"
"9b1e6e22fb77395","2019-08-26"
"cacfe73b37e937b","2019-07-19"
"f8b434664e3f6f9","2019-10-30"
"7f61b60888a602a","2019-09-03"
"1e58834ad4a0b93","2019-09-11"
"bc7559d0834aff1","2019-07-26"
"03b71d13f29607c","2019-10-14"
"245f774bc6ce606","2019-07-17"
"e852216995a9fc9","2019-07-03"
"18d71d81ada177c","2019-11-20"
"7618fc6f8a52c0d","2019-11-06"
"436ac3d7459a96f","2019-07-22"
"35589d745617bc3","2019-11-16"
"42b29ff5338b727","2019-10-29"
"5c5af5737ea9740","2019-08-12"
"8713af4f3a0e39b","2019-10-22"
"2b998a7a30c250b","2019-07-23"
"ad20ed17c7c33f2","2019-09-25"
"7ef0126dfc821c9","2019-11-21"
"eac4181c58f9c95","2019-07-31"
"eab129f418520d0","2019-12-12"
"4e3ced77147ae27","2019-09-06"
"903d89192675af5","2019-10-16"
"38077ee0cb20238","2019-11-20"
"975318e0d66c0ac","2019-09-30"
"c8bdcf409502fc6","2019-11-19"
"4dbd47d422b0c56","2019-12-11"
"50dc37a780a7aa3","2019-09-06"
"7455a8b4a485e39","2019-10-24"
"82759dd7f7f2b01","2019-11-06"
"b7966cc95869254","2019-09-23"
"4db61972a3820a2","2019-11-22"
"2a183996c6c00fa","2019-11-14"
"2df0d3a2e832f71","2019-08-07"
"46e966dc70be96b","2019-11-07"
"73e313142436e8d","2019-12-31"
"7dc244e987a5765","2019-07-11"
"41c7b8a7524444e","2019-08-19"
"ca9b80ab1bafc27","2019-09-04"
"c140425fd6f7401","2019-08-30"
"d8e76a5c3495797","2019-11-11"
"2a0d291e90058b2","2019-08-15"
"30eb3f30a4c53ef","2019-10-16"
"435ffd49c8f1e98","2019-11-06"
"024209bb3fbe22b","2019-08-23"
"c3105da22b1472f","2019-11-08"
"093de5e1ff033bc","2019-07-25"
"1b92837637d7ceb","2019-09-24"
"fa623e0558e3bb0","2019-10-07"
"a33ed4bd73b1069","2019-10-22"
"a462fc5e66769d8","2019-08-23"
"5eeab48f3c0fcb6","2019-07-25"
"df5c8465adea0a9","2019-07-18"
"4b8caa60455762f","2019-10-17"
"a183515d11770a3","2019-10-29"
"c87cd805a9ffc83","2019-12-13"
"4bcc287e5cb9b29","2019-11-14"
"5d633011196a860","2019-11-06"
"65065d10ab2b299","2019-10-22"
"6889ecf8a3a792b","2019-09-10"
"06673835682be7f","2019-08-27"
"0793555900c09f3","2019-07-12"
"c6f5404f9830cda","2019-12-17"
"4be4e08599c8fa9","2019-11-12"
"5f2625806b46b53","2019-08-14"
"b4585adf961744f","2019-09-23"
"dce391bf6a56547","2019-12-30"
"ba743e52b4ccc8c","2019-09-30"
"b167e7a37523521","2019-09-04"
"948b656f1d82763","2019-09-20"
"b3ab2490ed5d150","2019-09-20"
"27963bf8f91ea7a","2019-11-21"
"d02b16499b3b5ca","2019-10-15"
"f73560883171dc9","2019-11-18"
"1bbcf4907c1e57b","2019-11-21"
"837e1e7e78dd421","2019-10-18"
"a88af43906a2d3a","2019-09-03"
"0c1da1941af4190","2019-11-06"
"c52291e52af0868","2019-08-29"
"892dfcc04b82c68","2019-08-22"
"3482021c4302775","2019-10-18"
"42e3d985073f1b9","2019-11-18"
"64ba52845ed1b80","2019-09-03"
"64ba52845ed1b80","2019-11-01"
"107684b23a26cf7","2019-09-17"
"7830f15f029d7c9","2019-10-15"
"a58205f1ade25fa","2019-12-09"
"0904745cb544edd","2019-09-18"
"0ec78db2c7be600","2019-08-29"
"256efd745ef6044","2019-09-13"
"d45cd1cc7c76248","2019-08-08"
"761a160381e50da","2019-11-14"
"1faad381d7ec349","2019-07-11"
"83677752ec5551b","2019-08-15"
"28aa3180ee6b46a","2019-08-08"
"4c1f0dd8d707638","2019-08-26"
"39dbf5ad89bfbfc","2019-07-13"
"27a30b2e9dc0d03","2019-11-01"
